/* SPDX-License-Identifier: GPL-2.0 */
/*
 * Copyright (c) 2019 MediaTek Inc.
 */
/*****************************************************************************
 *
 * Filename:
 * ---------
 *lycheef4tele_Sensor_setting.h
 *
 * Project:
 * --------
 * Description:
 * ------------
 *CMOS sensor header file
 *
 ****************************************************************************/
#ifndef _LYCHEEF4TELEMIPI_SENSOR_SETTING_H
#define _LYCHEEF4TELEMIPI_SENSOR_SETTING_H

#include "kd_camera_typedef.h"

static u16 lycheef4tele_sensor_init_pre_setting1[] = {
	0xFCFC, 0x4000,
	0x0000, 0x0000,
	0x0000, 0x48E1,
	0xFCFC, 0x4000,
	0x6018, 0x0001,
};

static u16 lycheef4tele_sensor_init_pre_setting2[] = {
	0x7002, 0x8408,
	0x7004, 0x1770,
	0x70D8, 0x0861,
	0x6102, 0x0000,
	0x6104, 0x0000,
	0x6106, 0x3FFF,
	0x6100, 0x0001,
	0x6014, 0x0001,
};

static u16 lycheef4tele_sensor_init_setting[] = {
	0x6100, 0x0000,
	0xFCFC, 0x2400,
	0x8B48, 0x0040,
	0x7DB8, 0xBFD0,
	0x7DBA, 0x2400,
	0xFCFC, 0x2400,
	0xA200, 0x2317,
	0xA202, 0xFC02,
	0xA204, 0x02E7,
	0xA206, 0x9923,
	0xA208, 0xF097,
	0xA20A, 0xFBFF,
	0xA20C, 0x80E7,
	0xA20E, 0x0E20,
	0xA210, 0xC10D,
	0xA212, 0xA437,
	0xA214, 0x2400,
	0xA216, 0x0413,
	0xA218, 0x4004,
	0xA21A, 0x401C,
	0xA21C, 0x9782,
	0xA21E, 0x405C,
	0xA220, 0x9782,
	0xA222, 0x441C,
	0xA224, 0x9782,
	0xA226, 0x445C,
	0xA228, 0x9782,
	0xA22A, 0x481C,
	0xA22C, 0x9782,
	0xA22E, 0x485C,
	0xA230, 0x9782,
	0xA232, 0x2317,
	0xA234, 0xFC02,
	0xA236, 0x0067,
	0xA238, 0x9843,
	0xA23A, 0x0000,
	0xA23C, 0x0000,
	0xA23E, 0x0000,
	0xA470, 0x0713,
	0xA472, 0x2F05,
	0xA474, 0x87B7,
	0xA476, 0x2400,
	0xA478, 0x070A,
	0xA47A, 0x8793,
	0xA47C, 0xDD07,
	0xA47E, 0x97BA,
	0xA480, 0x4719,
	0xA482, 0x0533,
	0xA484, 0x02E5,
	0xA486, 0xC7CC,
	0xA488, 0x07B7,
	0xA48A, 0x2000,
	0xA48C, 0x8793,
	0xA48E, 0x0007,
	0xA490, 0x6737,
	0xA492, 0x4000,
	0xA494, 0x87B3,
	0xA496, 0x40F5,
	0xA498, 0x0693,
	0xA49A, 0x40A7,
	0xA49C, 0x8389,
	0xA49E, 0x0613,
	0xA4A0, 0x4067,
	0xA4A2, 0x07C2,
	0xA4A4, 0x96AA,
	0xA4A6, 0x83C1,
	0xA4A8, 0x9023,
	0xA4AA, 0x0006,
	0xA4AC, 0x962A,
	0xA4AE, 0x0713,
	0xA4B0, 0x4087,
	0xA4B2, 0x1023,
	0xA4B4, 0x00F6,
	0xA4B6, 0x953A,
	0xA4B8, 0x1023,
	0xA4BA, 0x00F5,
	0xA4BC, 0x478D,
	0xA4BE, 0x9023,
	0xA4C0, 0x00F6,
	0xA4C2, 0x8082,
	0xA4C4, 0x1317,
	0xA4C6, 0xFC02,
	0xA4C8, 0x02E7,
	0xA4CA, 0x6CE3,
	0xA4CC, 0xB097,
	0xA4CE, 0xFBFF,
	0xA4D0, 0x80E7,
	0xA4D2, 0x03E0,
	0xA4D4, 0x87B7,
	0xA4D6, 0x2400,
	0xA4D8, 0x6485,
	0xA4DA, 0x8793,
	0xA4DC, 0xDD07,
	0xA4DE, 0x97A6,
	0xA4E0, 0xC703,
	0xA4E2, 0xBA27,
	0xA4E4, 0x4785,
	0xA4E6, 0x1D63,
	0xA4E8, 0x02F7,
	0xA4EA, 0xA7B7,
	0xA4EC, 0x2400,
	0xA4EE, 0xD503,
	0xA4F0, 0x4187,
	0xA4F2, 0x6419,
	0xA4F4, 0x7097,
	0xA4F6, 0xFC01,
	0xA4F8, 0x80E7,
	0xA4FA, 0x1FE0,
	0xA4FC, 0x4601,
	0xA4FE, 0x0593,
	0xA500, 0x4000,
	0xA502, 0x0513,
	0xA504, 0x20C4,
	0xA506, 0x7097,
	0xA508, 0xFC01,
	0xA50A, 0x80E7,
	0xA50C, 0x67C0,
	0xA50E, 0x4601,
	0xA510, 0x8593,
	0xA512, 0x8004,
	0xA514, 0x0513,
	0xA516, 0x20C4,
	0xA518, 0x7097,
	0xA51A, 0xFC01,
	0xA51C, 0x80E7,
	0xA51E, 0x66A0,
	0xA520, 0x1317,
	0xA522, 0xFC02,
	0xA524, 0x0067,
	0xA526, 0x6963,
	0xA528, 0x1317,
	0xA52A, 0xFC02,
	0xA52C, 0x02E7,
	0xA52E, 0x66A3,
	0xA530, 0x77B7,
	0xA532, 0x2400,
	0xA534, 0x8793,
	0xA536, 0xDD07,
	0xA538, 0xA903,
	0xA53A, 0x0207,
	0xA53C, 0x842E,
	0xA53E, 0x84AA,
	0xA540, 0x4601,
	0xA542, 0x85CA,
	0xA544, 0x4511,
	0xA546, 0x7097,
	0xA548, 0xFC01,
	0xA54A, 0x80E7,
	0xA54C, 0x70C0,
	0xA54E, 0x85A2,
	0xA550, 0x8526,
	0xA552, 0x1097,
	0xA554, 0xFC01,
	0xA556, 0x80E7,
	0xA558, 0xA300,
	0xA55A, 0x85CA,
	0xA55C, 0x4605,
	0xA55E, 0x4511,
	0xA560, 0x7097,
	0xA562, 0xFC01,
	0xA564, 0x80E7,
	0xA566, 0x6F20,
	0xA568, 0x37B7,
	0xA56A, 0x2800,
	0xA56C, 0xC737,
	0xA56E, 0x2400,
	0xA570, 0x8693,
	0xA572, 0x2C07,
	0xA574, 0x0713,
	0xA576, 0xF047,
	0xA578, 0x8793,
	0xA57A, 0x3C07,
	0xA57C, 0xC314,
	0xA57E, 0xC35C,
	0xA580, 0x0737,
	0xA582, 0x2400,
	0xA584, 0x0713,
	0xA586, 0x0007,
	0xA588, 0x4603,
	0xA58A, 0x00A7,
	0xA58C, 0x84A3,
	0xA58E, 0x02C6,
	0xA590, 0x6637,
	0xA592, 0x2400,
	0xA594, 0x2603,
	0xA596, 0x3506,
	0xA598, 0x5583,
	0xA59A, 0x0206,
	0xA59C, 0x81A1,
	0xA59E, 0x8823,
	0xA5A0, 0x06B6,
	0xA5A2, 0x5583,
	0xA5A4, 0x0206,
	0xA5A6, 0x8923,
	0xA5A8, 0x06B6,
	0xA5AA, 0x4583,
	0xA5AC, 0x0CD4,
	0xA5AE, 0x8A23,
	0xA5B0, 0x08B6,
	0xA5B2, 0x86B7,
	0xA5B4, 0x2400,
	0xA5B6, 0x8693,
	0xA5B8, 0xDD06,
	0xA5BA, 0xC583,
	0xA5BC, 0x2DC6,
	0xA5BE, 0x8CA3,
	0xA5C0, 0x02B7,
	0xA5C2, 0xD583,
	0xA5C4, 0x2DA6,
	0xA5C6, 0x8023,
	0xA5C8, 0x04B7,
	0xA5CA, 0xC583,
	0xA5CC, 0x2B76,
	0xA5CE, 0x8223,
	0xA5D0, 0x04B7,
	0xA5D2, 0x6585,
	0xA5D4, 0x96AE,
	0xA5D6, 0xA503,
	0xA5D8, 0x80C6,
	0xA5DA, 0x1693,
	0xA5DC, 0x0105,
	0xA5DE, 0x82C1,
	0xA5E0, 0x82A1,
	0xA5E2, 0x8123,
	0xA5E4, 0x06D7,
	0xA5E6, 0x8223,
	0xA5E8, 0x06A7,
	0xA5EA, 0x5683,
	0xA5EC, 0x4007,
	0xA5EE, 0x82A1,
	0xA5F0, 0x8CA3,
	0xA5F2, 0x0AD7,
	0xA5F4, 0x5683,
	0xA5F6, 0x4007,
	0xA5F8, 0x972E,
	0xA5FA, 0x8DA3,
	0xA5FC, 0x0AD7,
	0xA5FE, 0x5503,
	0xA600, 0x4086,
	0xA602, 0x5683,
	0xA604, 0x40A6,
	0xA606, 0x5613,
	0xA608, 0x0085,
	0xA60A, 0x8123,
	0xA60C, 0x0CC7,
	0xA60E, 0xD613,
	0xA610, 0x0086,
	0xA612, 0x8223,
	0xA614, 0x0CA7,
	0xA616, 0x84A3,
	0xA618, 0x0CC7,
	0xA61A, 0x85A3,
	0xA61C, 0x0CD7,
	0xA61E, 0x4703,
	0xA620, 0x9017,
	0xA622, 0x8CA3,
	0xA624, 0x0CE7,
	0xA626, 0x1317,
	0xA628, 0xFC02,
	0xA62A, 0x0067,
	0xA62C, 0x5903,
	0xA62E, 0x4799,
	0xA630, 0x1363,
	0xA632, 0x0EF5,
	0xA634, 0x1317,
	0xA636, 0xFC02,
	0xA638, 0x02E7,
	0xA63A, 0x55E3,
	0xA63C, 0xA4B7,
	0xA63E, 0x2400,
	0xA640, 0x8793,
	0xA642, 0x4444,
	0xA644, 0x9123,
	0xA646, 0x0207,
	0xA648, 0x7097,
	0xA64A, 0xFC01,
	0xA64C, 0x80E7,
	0xA64E, 0xEFA0,
	0xA650, 0x8493,
	0xA652, 0x4444,
	0xA654, 0xC905,
	0xA656, 0xA7B7,
	0xA658, 0x2400,
	0xA65A, 0xD783,
	0xA65C, 0x41A7,
	0xA65E, 0xEF8D,
	0xA660, 0x9097,
	0xA662, 0xFC01,
	0xA664, 0x80E7,
	0xA666, 0x0840,
	0xA668, 0xC911,
	0xA66A, 0x4785,
	0xA66C, 0x8737,
	0xA66E, 0x2400,
	0xA670, 0x9723,
	0xA672, 0x00F4,
	0xA674, 0x9623,
	0xA676, 0x00F4,
	0xA678, 0x0AA3,
	0xA67A, 0x74F7,
	0xA67C, 0x1317,
	0xA67E, 0xFC02,
	0xA680, 0x0067,
	0xA682, 0x53A3,
	0xA684, 0x87B7,
	0xA686, 0x2400,
	0xA688, 0xC783,
	0xA68A, 0xF5A7,
	0xA68C, 0xD7E9,
	0xA68E, 0xA097,
	0xA690, 0xFC01,
	0xA692, 0x80E7,
	0xA694, 0x53C0,
	0xA696, 0xD161,
	0xA698, 0x9437,
	0xA69A, 0x2400,
	0xA69C, 0x0097,
	0xA69E, 0xFC01,
	0xA6A0, 0x80E7,
	0xA6A2, 0x64A0,
	0xA6A4, 0x0413,
	0xA6A6, 0x1F44,
	0xA6A8, 0x0097,
	0xA6AA, 0xFC01,
	0xA6AC, 0x80E7,
	0xA6AE, 0x65A0,
	0xA6B0, 0x0793,
	0xA6B2, 0x1004,
	0xA6B4, 0x5FAC,
	0xA6B6, 0x5FF0,
	0xA6B8, 0x5503,
	0xA6BA, 0x1644,
	0xA6BC, 0x5BF8,
	0xA6BE, 0x8633,
	0xA6C0, 0x02C5,
	0xA6C2, 0x5BB4,
	0xA6C4, 0x5583,
	0xA6C6, 0x1664,
	0xA6C8, 0x3513,
	0xA6CA, 0x0015,
	0xA6CC, 0x1097,
	0xA6CE, 0xFC01,
	0xA6D0, 0x80E7,
	0xA6D2, 0xAF00,
	0xA6D4, 0x9537,
	0xA6D6, 0x2400,
	0xA6D8, 0x0593,
	0xA6DA, 0x1000,
	0xA6DC, 0x0513,
	0xA6DE, 0x3985,
	0xA6E0, 0x1097,
	0xA6E2, 0xFC01,
	0xA6E4, 0x80E7,
	0xA6E6, 0x9DC0,
	0xA6E8, 0x5503,
	0xA6EA, 0x2A44,
	0xA6EC, 0x4583,
	0xA6EE, 0x2A84,
	0xA6F0, 0x0613,
	0xA6F2, 0x3000,
	0xA6F4, 0x3513,
	0xA6F6, 0x0015,
	0xA6F8, 0x1097,
	0xA6FA, 0xFC01,
	0xA6FC, 0x80E7,
	0xA6FE, 0xB2E0,
	0xA700, 0x9537,
	0xA702, 0x2400,
	0xA704, 0x0593,
	0xA706, 0x3000,
	0xA708, 0x0513,
	0xA70A, 0x4AC5,
	0xA70C, 0x1097,
	0xA70E, 0xFC01,
	0xA710, 0x80E7,
	0xA712, 0xA160,
	0xA714, 0xB7B1,
	0xA716, 0x8082,
	0xA718, 0x1317,
	0xA71A, 0xFC02,
	0xA71C, 0x02E7,
	0xA71E, 0x47A3,
	0xA720, 0xE915,
	0xA722, 0xA097,
	0xA724, 0xFC00,
	0xA726, 0x80E7,
	0xA728, 0xEF20,
	0xA72A, 0x4785,
	0xA72C, 0x1063,
	0xA72E, 0x02F5,
	0xA730, 0x67B7,
	0xA732, 0x2400,
	0xA734, 0x8793,
	0xA736, 0x6B07,
	0xA738, 0xA703,
	0xA73A, 0x1C07,
	0xA73C, 0x0706,
	0xA73E, 0xA023,
	0xA740, 0x1CE7,
	0xA742, 0x9703,
	0xA744, 0x1C47,
	0xA746, 0x0706,
	0xA748, 0x9223,
	0xA74A, 0x1CE7,
	0xA74C, 0x1317,
	0xA74E, 0xFC02,
	0xA750, 0x0067,
	0xA752, 0x46A3,
	0xA754, 0x4785,
	0xA756, 0x842A,
	0xA758, 0x1AE3,
	0xA75A, 0xFEF5,
	0xA75C, 0xA097,
	0xA75E, 0xFC00,
	0xA760, 0x80E7,
	0xA762, 0xEB80,
	0xA764, 0x14E3,
	0xA766, 0xFE85,
	0xA768, 0x67B7,
	0xA76A, 0x2400,
	0xA76C, 0x8793,
	0xA76E, 0x6B07,
	0xA770, 0xA703,
	0xA772, 0x1C07,
	0xA774, 0x8705,
	0xA776, 0xA023,
	0xA778, 0x1CE7,
	0xA77A, 0x9703,
	0xA77C, 0x1C47,
	0xA77E, 0x8705,
	0xA780, 0xB7E1,
	0xA782, 0x1317,
	0xA784, 0xFC02,
	0xA786, 0x02E7,
	0xA788, 0x3F63,
	0xA78A, 0x2437,
	0xA78C, 0x2400,
	0xA78E, 0x0413,
	0xA790, 0xC904,
	0xA792, 0x5783,
	0xA794, 0x0944,
	0xA796, 0xA4B7,
	0xA798, 0x2400,
	0xA79A, 0x8A13,
	0xA79C, 0x4444,
	0xA79E, 0xC9B7,
	0xA7A0, 0x2400,
	0xA7A2, 0x1323,
	0xA7A4, 0x02FA,
	0xA7A6, 0xA783,
	0xA7A8, 0xF209,
	0xA7AA, 0x1141,
	0xA7AC, 0x892A,
	0xA7AE, 0x1A23,
	0xA7B0, 0x0804,
	0xA7B2, 0x4509,
	0xA7B4, 0x9782,
	0xA7B6, 0x77B7,
	0xA7B8, 0x2400,
	0xA7BA, 0x8793,
	0xA7BC, 0xDD07,
	0xA7BE, 0x4B8C,
	0xA7C0, 0x4601,
	0xA7C2, 0x4511,
	0xA7C4, 0xC62E,
	0xA7C6, 0x7097,
	0xA7C8, 0xFC01,
	0xA7CA, 0x80E7,
	0xA7CC, 0x48C0,
	0xA7CE, 0x854A,
	0xA7D0, 0x9097,
	0xA7D2, 0xFC01,
	0xA7D4, 0x80E7,
	0xA7D6, 0xFE60,
	0xA7D8, 0x45B2,
	0xA7DA, 0x4605,
	0xA7DC, 0x4511,
	0xA7DE, 0x7097,
	0xA7E0, 0xFC01,
	0xA7E2, 0x80E7,
	0xA7E4, 0x4740,
	0xA7E6, 0x5783,
	0xA7E8, 0x026A,
	0xA7EA, 0x450D,
	0xA7EC, 0x1A23,
	0xA7EE, 0x08F4,
	0xA7F0, 0xA783,
	0xA7F2, 0xF209,
	0xA7F4, 0x8437,
	0xA7F6, 0x2400,
	0xA7F8, 0x0413,
	0xA7FA, 0xDD04,
	0xA7FC, 0x9782,
	0xA7FE, 0x9097,
	0xA800, 0xFBFF,
	0xA802, 0x80E7,
	0xA804, 0x32A0,
	0xA806, 0x4503,
	0xA808, 0x0C24,
	0xA80A, 0x6097,
	0xA80C, 0xFC01,
	0xA80E, 0x80E7,
	0xA810, 0x8BA0,
	0xA812, 0x0363,
	0xA814, 0x0409,
	0xA816, 0x67B7,
	0xA818, 0x2400,
	0xA81A, 0xD783,
	0xA81C, 0x1E87,
	0xA81E, 0xCB85,
	0xA820, 0xA437,
	0xA822, 0x2400,
	0xA824, 0x0413,
	0xA826, 0x4004,
	0xA828, 0x5583,
	0xA82A, 0x0244,
	0xA82C, 0x6499,
	0xA82E, 0x4601,
	0xA830, 0x8513,
	0xA832, 0x2124,
	0xA834, 0x7097,
	0xA836, 0xFC01,
	0xA838, 0x80E7,
	0xA83A, 0x34E0,
	0xA83C, 0x5583,
	0xA83E, 0x0264,
	0xA840, 0x4601,
	0xA842, 0x8513,
	0xA844, 0x2144,
	0xA846, 0x7097,
	0xA848, 0xFC01,
	0xA84A, 0x80E7,
	0xA84C, 0x33C0,
	0xA84E, 0x0141,
	0xA850, 0x1317,
	0xA852, 0xFC02,
	0xA854, 0x0067,
	0xA856, 0x35C3,
	0xA858, 0x6585,
	0xA85A, 0x942E,
	0xA85C, 0x2783,
	0xA85E, 0xC744,
	0xA860, 0x8493,
	0xA862, 0x4444,
	0xA864, 0x9437,
	0xA866, 0x2400,
	0xA868, 0x9723,
	0xA86A, 0x0004,
	0xA86C, 0x0413,
	0xA86E, 0xDD04,
	0xA870, 0xDFF9,
	0xA872, 0x4703,
	0xA874, 0xC784,
	0xA876, 0xE315,
	0xA878, 0x2503,
	0xA87A, 0xC704,
	0xA87C, 0x8593,
	0xA87E, 0xF615,
	0xA880, 0xC633,
	0xA882, 0x00A7,
	0xA884, 0x7513,
	0xA886, 0x7F85,
	0xA888, 0x8D1D,
	0xA88A, 0x7613,
	0xA88C, 0x7F86,
	0xA88E, 0x3513,
	0xA890, 0x0015,
	0xA892, 0xE097,
	0xA894, 0xFC00,
	0xA896, 0x80E7,
	0xA898, 0xBC60,
	0xA89A, 0xA7B7,
	0xA89C, 0x2400,
	0xA89E, 0x8793,
	0xA8A0, 0xA107,
	0xA8A2, 0x43F8,
	0xA8A4, 0x2823,
	0xA8A6, 0xC604,
	0xA8A8, 0x4785,
	0xA8AA, 0x1863,
	0xA8AC, 0x02F7,
	0xA8AE, 0xA7B7,
	0xA8B0, 0x2400,
	0xA8B2, 0x9783,
	0xA8B4, 0xF0A7,
	0xA8B6, 0x9663,
	0xA8B8, 0x04E7,
	0xA8BA, 0x9737,
	0xA8BC, 0x2400,
	0xA8BE, 0x0713,
	0xA8C0, 0x1F47,
	0xA8C2, 0x1523,
	0xA8C4, 0x76F7,
	0xA8C6, 0x1023,
	0xA8C8, 0x6CF7,
	0xA8CA, 0x4601,
	0xA8CC, 0x6539,
	0xA8CE, 0x4585,
	0xA8D0, 0x0509,
	0xA8D2, 0x7097,
	0xA8D4, 0xFC01,
	0xA8D6, 0x80E7,
	0xA8D8, 0x2B00,
	0xA8DA, 0x8097,
	0xA8DC, 0xFC01,
	0xA8DE, 0x80E7,
	0xA8E0, 0xF380,
	0xA8E2, 0xD783,
	0xA8E4, 0x00C4,
	0xA8E6, 0xD7A5,
	0xA8E8, 0xA097,
	0xA8EA, 0xFC00,
	0xA8EC, 0x80E7,
	0xA8EE, 0xBEE0,
	0xA8F0, 0x85AA,
	0xA8F2, 0x6505,
	0xA8F4, 0x0513,
	0xA8F6, 0xF685,
	0xA8F8, 0xE097,
	0xA8FA, 0xFC00,
	0xA8FC, 0x80E7,
	0xA8FE, 0xBB40,
	0xA900, 0xB7B9,
	0xA902, 0x4709,
	0xA904, 0x9BE3,
	0xA906, 0xFCE7,
	0xA908, 0x97B7,
	0xA90A, 0x2400,
	0xA90C, 0x8793,
	0xA90E, 0x1F47,
	0xA910, 0x9523,
	0xA912, 0x7607,
	0xA914, 0x9023,
	0xA916, 0x6C07,
	0xA918, 0x4605,
	0xA91A, 0xBF4D,
	0xA91C, 0x1317,
	0xA91E, 0xFC02,
	0xA920, 0x02E7,
	0xA922, 0x25C3,
	0xA924, 0x842A,
	0xA926, 0x1C63,
	0xA928, 0x1005,
	0xA92A, 0xA7B7,
	0xA92C, 0x2400,
	0xA92E, 0xD703,
	0xA930, 0x4207,
	0xA932, 0x6499,
	0xA934, 0x37B7,
	0xA936, 0x2400,
	0xA938, 0x4605,
	0xA93A, 0x6585,
	0xA93C, 0x8513,
	0xA93E, 0x2124,
	0xA940, 0x9423,
	0xA942, 0x92E7,
	0xA944, 0x7097,
	0xA946, 0xFC01,
	0xA948, 0x80E7,
	0xA94A, 0x23E0,
	0xA94C, 0x6097,
	0xA94E, 0xFC00,
	0xA950, 0x80E7,
	0xA952, 0x5740,
	0xA954, 0x4601,
	0xA956, 0x0593,
	0xA958, 0x4000,
	0xA95A, 0x8513,
	0xA95C, 0x2184,
	0xA95E, 0x7097,
	0xA960, 0xFC01,
	0xA962, 0x80E7,
	0xA964, 0x2240,
	0xA966, 0x67B7,
	0xA968, 0x4000,
	0xA96A, 0xD903,
	0xA96C, 0x26C7,
	0xA96E, 0x7913,
	0xA970, 0x0FF9,
	0xA972, 0x0063,
	0xA974, 0x0209,
	0xA976, 0x84B7,
	0xA978, 0x2400,
	0xA97A, 0x8493,
	0xA97C, 0xDD04,
	0xA97E, 0x9623,
	0xA980, 0x2607,
	0xA982, 0xA403,
	0xA984, 0x0804,
	0xA986, 0xC097,
	0xA988, 0xFC00,
	0xA98A, 0x80E7,
	0xA98C, 0x76C0,
	0xA98E, 0xA023,
	0xA990, 0x08A4,
	0xA992, 0x07B7,
	0xA994, 0x4001,
	0xA996, 0x4735,
	0xA998, 0x9F23,
	0xA99A, 0xF2E7,
	0xA99C, 0x67B7,
	0xA99E, 0x2400,
	0xA9A0, 0x8713,
	0xA9A2, 0x3307,
	0xA9A4, 0x5703,
	0xA9A6, 0x00A7,
	0xA9A8, 0x8993,
	0xA9AA, 0x3307,
	0xA9AC, 0x0263,
	0xA9AE, 0x1C07,
	0xA9B0, 0x64C1,
	0xA9B2, 0x55FD,
	0xA9B4, 0x8513,
	0xA9B6, 0xF224,
	0xA9B8, 0x7097,
	0xA9BA, 0xFC01,
	0xA9BC, 0x80E7,
	0xA9BE, 0x25E0,
	0xA9C0, 0x55FD,
	0xA9C2, 0x8513,
	0xA9C4, 0xF264,
	0xA9C6, 0x7097,
	0xA9C8, 0xFC01,
	0xA9CA, 0x80E7,
	0xA9CC, 0x2500,
	0xA9CE, 0x55FD,
	0xA9D0, 0x8513,
	0xA9D2, 0xF2A4,
	0xA9D4, 0x7097,
	0xA9D6, 0xFC01,
	0xA9D8, 0x80E7,
	0xA9DA, 0x2420,
	0xA9DC, 0x55FD,
	0xA9DE, 0x8513,
	0xA9E0, 0xF424,
	0xA9E2, 0x7097,
	0xA9E4, 0xFC01,
	0xA9E6, 0x80E7,
	0xA9E8, 0x2340,
	0xA9EA, 0x55FD,
	0xA9EC, 0x8513,
	0xA9EE, 0xF464,
	0xA9F0, 0x7097,
	0xA9F2, 0xFC01,
	0xA9F4, 0x80E7,
	0xA9F6, 0x2260,
	0xA9F8, 0x55FD,
	0xA9FA, 0x8513,
	0xA9FC, 0xF4A4,
	0xA9FE, 0x7097,
	0xAA00, 0xFC01,
	0xAA02, 0x80E7,
	0xAA04, 0x2180,
	0xAA06, 0x0B63,
	0xAA08, 0x0009,
	0xAA0A, 0x67B7,
	0xAA0C, 0x4000,
	0xAA0E, 0x4705,
	0xAA10, 0x9623,
	0xAA12, 0x26E7,
	0xAA14, 0x87B7,
	0xAA16, 0x2400,
	0xAA18, 0xA823,
	0xAA1A, 0xE487,
	0xAA1C, 0xD783,
	0xAA1E, 0x00A9,
	0xAA20, 0xEB99,
	0xAA22, 0x6519,
	0xAA24, 0x4605,
	0xAA26, 0x0593,
	0xAA28, 0x4000,
	0xAA2A, 0x0513,
	0xAA2C, 0x2185,
	0xAA2E, 0x7097,
	0xAA30, 0xFC01,
	0xAA32, 0x80E7,
	0xAA34, 0x1540,
	0xAA36, 0x1317,
	0xAA38, 0xFC02,
	0xAA3A, 0x0067,
	0xAA3C, 0x1763,
	0xAA3E, 0x4785,
	0xAA40, 0x1BE3,
	0xAA42, 0xFEF5,
	0xAA44, 0x8437,
	0xAA46, 0x2400,
	0xAA48, 0x0793,
	0xAA4A, 0xDD04,
	0xAA4C, 0x6705,
	0xAA4E, 0x97BA,
	0xAA50, 0xC703,
	0xAA52, 0xB837,
	0xAA54, 0x0413,
	0xAA56, 0xDD04,
	0xAA58, 0xC319,
	0xAA5A, 0x8823,
	0xAA5C, 0xD607,
	0xAA5E, 0x9097,
	0xAA60, 0xFC01,
	0xAA62, 0x80E7,
	0xAA64, 0xC860,
	0xAA66, 0xC937,
	0xAA68, 0x2400,
	0xAA6A, 0xCD25,
	0xAA6C, 0xA7B7,
	0xAA6E, 0x2400,
	0xAA70, 0x8793,
	0xAA72, 0xA107,
	0xAA74, 0x4705,
	0xAA76, 0x8C23,
	0xAA78, 0x14E7,
	0xAA7A, 0xC783,
	0xAA7C, 0x14C7,
	0xAA7E, 0xE791,
	0xAA80, 0x450D,
	0xAA82, 0x9097,
	0xAA84, 0xFC01,
	0xAA86, 0x80E7,
	0xAA88, 0x8880,
	0xAA8A, 0x67B7,
	0xAA8C, 0x4000,
	0xAA8E, 0xD483,
	0xAA90, 0x26C7,
	0xAA92, 0x4981,
	0xAA94, 0xF493,
	0xAA96, 0x0FF4,
	0xAA98, 0xC899,
	0xAA9A, 0x9623,
	0xAA9C, 0x2607,
	0xAA9E, 0x2983,
	0xAAA0, 0x0804,
	0xAAA2, 0xC097,
	0xAAA4, 0xFC00,
	0xAAA6, 0x80E7,
	0xAAA8, 0x6500,
	0xAAAA, 0x2023,
	0xAAAC, 0x08A4,
	0xAAAE, 0xA7B7,
	0xAAB0, 0x2400,
	0xAAB2, 0x8793,
	0xAAB4, 0x9C07,
	0xAAB6, 0xA737,
	0xAAB8, 0x2400,
	0xAABA, 0x43C8,
	0xAABC, 0x5703,
	0xAABE, 0x42C7,
	0xAAC0, 0x8D19,
	0xAAC2, 0x8097,
	0xAAC4, 0xFC01,
	0xAAC6, 0x80E7,
	0xAAC8, 0xEC20,
	0xAACA, 0x2783,
	0xAACC, 0xF209,
	0xAACE, 0x4511,
	0xAAD0, 0x9782,
	0xAAD2, 0xC881,
	0xAAD4, 0x67B7,
	0xAAD6, 0x4000,
	0xAAD8, 0x4705,
	0xAADA, 0x9623,
	0xAADC, 0x26E7,
	0xAADE, 0x2023,
	0xAAE0, 0x0934,
	0xAAE2, 0x9097,
	0xAAE4, 0xFC01,
	0xAAE6, 0x80E7,
	0xAAE8, 0xC020,
	0xAAEA, 0xC52D,
	0xAAEC, 0xA7B7,
	0xAAEE, 0x2400,
	0xAAF0, 0x8793,
	0xAAF2, 0xA107,
	0xAAF4, 0x43F8,
	0xAAF6, 0x4789,
	0xAAF8, 0x1E63,
	0xAAFA, 0x04F7,
	0xAAFC, 0x77B7,
	0xAAFE, 0x2400,
	0xAB00, 0x8793,
	0xAB02, 0x4B07,
	0xAB04, 0x3737,
	0xAB06, 0x2400,
	0xAB08, 0x4788,
	0xAB0A, 0x5583,
	0xAB0C, 0x83A7,
	0xAB0E, 0x4981,
	0xAB10, 0x8097,
	0xAB12, 0xFC00,
	0xAB14, 0x80E7,
	0xAB16, 0x0120,
	0xAB18, 0x67B7,
	0xAB1A, 0x4000,
	0xAB1C, 0xD483,
	0xAB1E, 0x26C7,
	0xAB20, 0xF493,
	0xAB22, 0x0FF4,
	0xAB24, 0xC899,
	0xAB26, 0x9623,
	0xAB28, 0x2607,
	0xAB2A, 0x2983,
	0xAB2C, 0x0804,
	0xAB2E, 0xC097,
	0xAB30, 0xFC00,
	0xAB32, 0x80E7,
	0xAB34, 0x5C40,
	0xAB36, 0x2023,
	0xAB38, 0x08A4,
	0xAB3A, 0x07B7,
	0xAB3C, 0x4001,
	0xAB3E, 0x4709,
	0xAB40, 0x9E23,
	0xAB42, 0xF2E7,
	0xAB44, 0xC881,
	0xAB46, 0x67B7,
	0xAB48, 0x4000,
	0xAB4A, 0x4705,
	0xAB4C, 0x9623,
	0xAB4E, 0x26E7,
	0xAB50, 0x2023,
	0xAB52, 0x0934,
	0xAB54, 0x9097,
	0xAB56, 0xFC01,
	0xAB58, 0x80E7,
	0xAB5A, 0xB900,
	0xAB5C, 0xE509,
	0xAB5E, 0x07B7,
	0xAB60, 0x4001,
	0xAB62, 0x9F23,
	0xAB64, 0xD407,
	0xAB66, 0x2783,
	0xAB68, 0xF209,
	0xAB6A, 0x451D,
	0xAB6C, 0x9782,
	0xAB6E, 0xB5E1,
	0xAB70, 0x1DE3,
	0xAB72, 0xE809,
	0xAB74, 0xB57D,
	0xAB76, 0xE121,
	0xAB78, 0x57B7,
	0xAB7A, 0x2400,
	0xAB7C, 0x8793,
	0xAB7E, 0x8107,
	0xAB80, 0xD683,
	0xAB82, 0x8A47,
	0xAB84, 0xF737,
	0xAB86, 0x4000,
	0xAB88, 0x1023,
	0xAB8A, 0x5ED7,
	0xAB8C, 0xD683,
	0xAB8E, 0xC847,
	0xAB90, 0x1A23,
	0xAB92, 0x40D7,
	0xAB94, 0xD683,
	0xAB96, 0xC867,
	0xAB98, 0x1B23,
	0xAB9A, 0x40D7,
	0xAB9C, 0xD683,
	0xAB9E, 0xC887,
	0xABA0, 0x1C23,
	0xABA2, 0x40D7,
	0xABA4, 0xD683,
	0xABA6, 0xC8A7,
	0xABA8, 0x1423,
	0xABAA, 0x66D7,
	0xABAC, 0xD783,
	0xABAE, 0xC8C7,
	0xABB0, 0x1523,
	0xABB2, 0x66F7,
	0xABB4, 0x8082,
	0xABB6, 0x4785,
	0xABB8, 0x1763,
	0xABBA, 0x0AF5,
	0xABBC, 0x1317,
	0xABBE, 0xFC02,
	0xABC0, 0x02E7,
	0xABC2, 0xFD63,
	0xABC4, 0x47B7,
	0xABC6, 0x2400,
	0xABC8, 0xD483,
	0xABCA, 0x4EA7,
	0xABCC, 0x5437,
	0xABCE, 0x2400,
	0xABD0, 0x0413,
	0xABD2, 0x8104,
	0xABD4, 0x9763,
	0xABD6, 0x02A4,
	0xABD8, 0xB097,
	0xABDA, 0xFC00,
	0xABDC, 0x80E7,
	0xABDE, 0xFBC0,
	0xABE0, 0x1163,
	0xABE2, 0x0295,
	0xABE4, 0x65C1,
	0xABE6, 0x6525,
	0xABE8, 0x4601,
	0xABEA, 0x8593,
	0xABEC, 0xF005,
	0xABEE, 0x0513,
	0xABF0, 0xA0E5,
	0xABF2, 0x7097,
	0xABF4, 0xFC01,
	0xABF6, 0x80E7,
	0xABF8, 0xFBC0,
	0xABFA, 0x1317,
	0xABFC, 0xFC02,
	0xABFE, 0x0067,
	0xAC00, 0xFBC3,
	0xAC02, 0x5703,
	0xAC04, 0xCDA4,
	0xAC06, 0x478D,
	0xAC08, 0x0463,
	0xAC0A, 0x02F7,
	0xAC0C, 0x5703,
	0xAC0E, 0xCDA4,
	0xAC10, 0x4795,
	0xAC12, 0x14E3,
	0xAC14, 0xFEF7,
	0xAC16, 0xB097,
	0xAC18, 0xFC00,
	0xAC1A, 0x80E7,
	0xAC1C, 0xF740,
	0xAC1E, 0x4785,
	0xAC20, 0x1DE3,
	0xAC22, 0xFCF5,
	0xAC24, 0x6525,
	0xAC26, 0x660D,
	0xAC28, 0x65BD,
	0xAC2A, 0x0513,
	0xAC2C, 0xA185,
	0xAC2E, 0xB7D1,
	0xAC30, 0xB097,
	0xAC32, 0xFC00,
	0xAC34, 0x80E7,
	0xAC36, 0xF5A0,
	0xAC38, 0x4785,
	0xAC3A, 0x19E3,
	0xAC3C, 0xFCF5,
	0xAC3E, 0x97B7,
	0xAC40, 0x4000,
	0xAC42, 0x0713,
	0xAC44, 0x0210,
	0xAC46, 0x6425,
	0xAC48, 0x660D,
	0xAC4A, 0x65BD,
	0xAC4C, 0x0513,
	0xAC4E, 0xA124,
	0xAC50, 0x9823,
	0xAC52, 0xA0E7,
	0xAC54, 0x7097,
	0xAC56, 0xFC01,
	0xAC58, 0x80E7,
	0xAC5A, 0xF5A0,
	0xAC5C, 0x6611,
	0xAC5E, 0x65BD,
	0xAC60, 0x0513,
	0xAC62, 0xA144,
	0xAC64, 0xB779,
	0xAC66, 0x8082,
	0xAC68, 0x1317,
	0xAC6A, 0xFC02,
	0xAC6C, 0x02E7,
	0xAC6E, 0xF2A3,
	0xAC70, 0xB7B7,
	0xAC72, 0x4000,
	0xAC74, 0xD703,
	0xAC76, 0x0A27,
	0xAC78, 0x8437,
	0xAC7A, 0x2400,
	0xAC7C, 0x4785,
	0xAC7E, 0x1141,
	0xAC80, 0x84AA,
	0xAC82, 0x0413,
	0xAC84, 0xDD04,
	0xAC86, 0x1463,
	0xAC88, 0x00F7,
	0xAC8A, 0x0A23,
	0xAC8C, 0x1604,
	0xAC8E, 0x77B7,
	0xAC90, 0x2400,
	0xAC92, 0x8793,
	0xAC94, 0xDD07,
	0xAC96, 0x47CC,
	0xAC98, 0x4601,
	0xAC9A, 0x4511,
	0xAC9C, 0xC62E,
	0xAC9E, 0x7097,
	0xACA0, 0xFC01,
	0xACA2, 0x80E7,
	0xACA4, 0xFB40,
	0xACA6, 0x8526,
	0xACA8, 0x3097,
	0xACAA, 0xFC01,
	0xACAC, 0x80E7,
	0xACAE, 0xECC0,
	0xACB0, 0x45B2,
	0xACB2, 0x4605,
	0xACB4, 0x4511,
	0xACB6, 0x7097,
	0xACB8, 0xFC01,
	0xACBA, 0x80E7,
	0xACBC, 0xF9C0,
	0xACBE, 0x0A23,
	0xACC0, 0x1604,
	0xACC2, 0x0141,
	0xACC4, 0x1317,
	0xACC6, 0xFC02,
	0xACC8, 0x0067,
	0xACCA, 0xEF23,
	0xACCC, 0x1317,
	0xACCE, 0xFC02,
	0xACD0, 0x02E7,
	0xACD2, 0xEC63,
	0xACD4, 0x4795,
	0xACD6, 0x1A63,
	0xACD8, 0x02F5,
	0xACDA, 0x9097,
	0xACDC, 0xFC01,
	0xACDE, 0x80E7,
	0xACE0, 0xA0A0,
	0xACE2, 0xC105,
	0xACE4, 0xC097,
	0xACE6, 0xFC00,
	0xACE8, 0x80E7,
	0xACEA, 0xE960,
	0xACEC, 0xE919,
	0xACEE, 0x67B7,
	0xACF0, 0x4000,
	0xACF2, 0xD783,
	0xACF4, 0x2127,
	0xACF6, 0xE791,
	0xACF8, 0x4505,
	0xACFA, 0x6097,
	0xACFC, 0xFC01,
	0xACFE, 0x80E7,
	0xAD00, 0x2FA0,
	0xAD02, 0x1317,
	0xAD04, 0xFC02,
	0xAD06, 0x0067,
	0xAD08, 0xEB43,
	0xAD0A, 0x4799,
	0xAD0C, 0x0263,
	0xAD0E, 0x02F5,
	0xAD10, 0x479D,
	0xAD12, 0x0963,
	0xAD14, 0x06F5,
	0xAD16, 0x47A5,
	0xAD18, 0x15E3,
	0xAD1A, 0xFEF5,
	0xAD1C, 0x653D,
	0xAD1E, 0x4601,
	0xAD20, 0x4585,
	0xAD22, 0x0513,
	0xAD24, 0x2545,
	0xAD26, 0x7097,
	0xAD28, 0xFC01,
	0xAD2A, 0x80E7,
	0xAD2C, 0xE5C0,
	0xAD2E, 0xBFD1,
	0xAD30, 0xA7B7,
	0xAD32, 0x2400,
	0xAD34, 0x8793,
	0xAD36, 0x4447,
	0xAD38, 0xD703,
	0xAD3A, 0x0087,
	0xAD3C, 0xCB19,
	0xAD3E, 0x9737,
	0xAD40, 0x2400,
	0xAD42, 0x0713,
	0xAD44, 0xCE07,
	0xAD46, 0x469D,
	0xAD48, 0x2623,
	0xAD4A, 0x0007,
	0xAD4C, 0xCB14,
	0xAD4E, 0x9423,
	0xAD50, 0x0007,
	0xAD52, 0xE437,
	0xAD54, 0x4000,
	0xAD56, 0x4485,
	0xAD58, 0xA7B7,
	0xAD5A, 0x2400,
	0xAD5C, 0x1423,
	0xAD5E, 0x0C94,
	0xAD60, 0x8793,
	0xAD62, 0x4007,
	0xAD64, 0xD703,
	0xAD66, 0x01C7,
	0xAD68, 0xD583,
	0xAD6A, 0x01E7,
	0xAD6C, 0x6539,
	0xAD6E, 0x0742,
	0xAD70, 0x8DD9,
	0xAD72, 0x0513,
	0xAD74, 0x0DC5,
	0xAD76, 0x7097,
	0xAD78, 0xFC01,
	0xAD7A, 0x80E7,
	0xAD7C, 0xEA00,
	0xAD7E, 0x1923,
	0xAD80, 0x1494,
	0xAD82, 0xB741,
	0xAD84, 0x97B7,
	0xAD86, 0x2400,
	0xAD88, 0x8793,
	0xAD8A, 0xDD07,
	0xAD8C, 0xA683,
	0xAD8E, 0x9747,
	0xAD90, 0x577D,
	0xAD92, 0x98E3,
	0xAD94, 0xF6E6,
	0xAD96, 0x9737,
	0xAD98, 0x2400,
	0xAD9A, 0x4703,
	0xAD9C, 0xCE07,
	0xAD9E, 0xD335,
	0xADA0, 0xA737,
	0xADA2, 0x2400,
	0xADA4, 0x5703,
	0xADA6, 0x4687,
	0xADA8, 0x81A3,
	0xADAA, 0x98E7,
	0xADAC, 0xBF99,
	0xADAE, 0x97B7,
	0xADB0, 0x2400,
	0xADB2, 0xC703,
	0xADB4, 0xCE07,
	0xADB6, 0x97B7,
	0xADB8, 0x2400,
	0xADBA, 0x8793,
	0xADBC, 0xDD07,
	0xADBE, 0xA603,
	0xADC0, 0x9747,
	0xADC2, 0x56FD,
	0xADC4, 0x1363,
	0xADC6, 0x02D6,
	0xADC8, 0xC315,
	0xADCA, 0xC683,
	0xADCC, 0x9837,
	0xADCE, 0xA737,
	0xADD0, 0x2400,
	0xADD2, 0x1423,
	0xADD4, 0x46D7,
	0xADD6, 0x4705,
	0xADD8, 0x81A3,
	0xADDA, 0x98E7,
	0xADDC, 0xC901,
	0xADDE, 0xA7B7,
	0xADE0, 0x2400,
	0xADE2, 0x4705,
	0xADE4, 0x9623,
	0xADE6, 0x44E7,
	0xADE8, 0xA011,
	0xADEA, 0xFB6D,
	0xADEC, 0x8082,
	0xADEE, 0x47A5,
	0xADF0, 0x1463,
	0xADF2, 0x04F5,
	0xADF4, 0x97B7,
	0xADF6, 0x2400,
	0xADF8, 0x8713,
	0xADFA, 0xCE07,
	0xADFC, 0x66B7,
	0xADFE, 0x2400,
	0xAE00, 0x4703,
	0xAE02, 0x0017,
	0xAE04, 0xD683,
	0xAE06, 0x3146,
	0xAE08, 0x8793,
	0xAE0A, 0xCE07,
	0xAE0C, 0x6363,
	0xAE0E, 0x00D7,
	0xAE10, 0xEB09,
	0xAE12, 0xA737,
	0xAE14, 0x2400,
	0xAE16, 0x5703,
	0xAE18, 0x4227,
	0xAE1A, 0xC701,
	0xAE1C, 0x8023,
	0xAE1E, 0x0007,
	0xAE20, 0x8082,
	0xAE22, 0xC703,
	0xAE24, 0x0007,
	0xAE26, 0xCB15,
	0xAE28, 0x47D8,
	0xAE2A, 0xEB05,
	0xAE2C, 0xA737,
	0xAE2E, 0x2400,
	0xAE30, 0x4685,
	0xAE32, 0x1A23,
	0xAE34, 0x44D7,
	0xAE36, 0xB7DD,
	0xAE38, 0x47A9,
	0xAE3A, 0x1063,
	0xAE3C, 0x02F5,
	0xAE3E, 0xA7B7,
	0xAE40, 0x2400,
	0xAE42, 0x8793,
	0xAE44, 0x4447,
	0xAE46, 0xD703,
	0xAE48, 0x0107,
	0xAE4A, 0xCB01,
	0xAE4C, 0x9823,
	0xAE4E, 0x0007,
	0xAE50, 0x4705,
	0xAE52, 0x97B7,
	0xAE54, 0x2400,
	0xAE56, 0x8023,
	0xAE58, 0xCEE7,
	0xAE5A, 0x8082,
	0xAE5C, 0x1317,
	0xAE5E, 0xFC02,
	0xAE60, 0x02E7,
	0xAE62, 0xD363,
	0xAE64, 0x1141,
	0xAE66, 0x5332,
	0xAE68, 0xC61A,
	0xAE6A, 0x5322,
	0xAE6C, 0xC41A,
	0xAE6E, 0x4303,
	0xAE70, 0x0241,
	0xAE72, 0xC21A,
	0xAE74, 0x5302,
	0xAE76, 0xC01A,
	0xAE78, 0x7097,
	0xAE7A, 0xFC00,
	0xAE7C, 0x80E7,
	0xAE7E, 0x5C20,
	0xAE80, 0x7737,
	0xAE82, 0x2400,
	0xAE84, 0x0713,
	0xAE86, 0x4B07,
	0xAE88, 0x2783,
	0xAE8A, 0x4487,
	0xAE8C, 0x5683,
	0xAE8E, 0x44C7,
	0xAE90, 0x2703,
	0xAE92, 0x4347,
	0xAE94, 0x8391,
	0xAE96, 0x87B3,
	0xAE98, 0x02D7,
	0xAE9A, 0x66B7,
	0xAE9C, 0x2400,
	0xAE9E, 0xA683,
	0xAEA0, 0x3546,
	0xAEA2, 0x6605,
	0xAEA4, 0x96B2,
	0xAEA6, 0x9823,
	0xAEA8, 0xB2E6,
	0xAEAA, 0x8395,
	0xAEAC, 0x9923,
	0xAEAE, 0xB2F6,
	0xAEB0, 0x0141,
	0xAEB2, 0x1317,
	0xAEB4, 0xFC02,
	0xAEB6, 0x0067,
	0xAEB8, 0xD043,
	0xAEBA, 0x1317,
	0xAEBC, 0xFC02,
	0xAEBE, 0x02E7,
	0xAEC0, 0xCBE3,
	0xAEC2, 0x77B7,
	0xAEC4, 0x2400,
	0xAEC6, 0xDA03,
	0xAEC8, 0x5767,
	0xAECA, 0x84AA,
	0xAECC, 0x892E,
	0xAECE, 0x8432,
	0xAED0, 0x89B6,
	0xAED2, 0xB097,
	0xAED4, 0xFC00,
	0xAED6, 0x80E7,
	0xAED8, 0xCC20,
	0xAEDA, 0x87B7,
	0xAEDC, 0x2400,
	0xAEDE, 0x8793,
	0xAEE0, 0xDD07,
	0xAEE2, 0xC919,
	0xAEE4, 0xA737,
	0xAEE6, 0x2400,
	0xAEE8, 0x5683,
	0xAEEA, 0x4407,
	0xAEEC, 0xA703,
	0xAEEE, 0x7087,
	0xAEF0, 0x9436,
	0xAEF2, 0x9736,
	0xAEF4, 0xA423,
	0xAEF6, 0x70E7,
	0xAEF8, 0xC703,
	0xAEFA, 0x1A37,
	0xAEFC, 0xE705,
	0xAEFE, 0x6685,
	0xAF00, 0x96BE,
	0xAF02, 0xA703,
	0xAF04, 0x7407,
	0xAF06, 0xD683,
	0xAF08, 0x8886,
	0xAF0A, 0x0733,
	0xAF0C, 0x4147,
	0xAF0E, 0xC691,
	0xAF10, 0x66B7,
	0xAF12, 0x2400,
	0xAF14, 0x9683,
	0xAF16, 0xC5A6,
	0xAF18, 0x8F15,
	0xAF1A, 0x7563,
	0xAF1C, 0x0087,
	0xAF1E, 0xA423,
	0xAF20, 0x70E7,
	0xAF22, 0x843A,
	0xAF24, 0x77B7,
	0xAF26, 0x2400,
	0xAF28, 0x8793,
	0xAF2A, 0xDD07,
	0xAF2C, 0xAA03,
	0xAF2E, 0x0407,
	0xAF30, 0x4601,
	0xAF32, 0x4511,
	0xAF34, 0x85D2,
	0xAF36, 0x7097,
	0xAF38, 0xFC01,
	0xAF3A, 0x80E7,
	0xAF3C, 0xD1C0,
	0xAF3E, 0x86CE,
	0xAF40, 0x8622,
	0xAF42, 0x85CA,
	0xAF44, 0x8526,
	0xAF46, 0x7097,
	0xAF48, 0xFC00,
	0xAF4A, 0x80E7,
	0xAF4C, 0xAE20,
	0xAF4E, 0x4605,
	0xAF50, 0x85D2,
	0xAF52, 0x4511,
	0xAF54, 0x7097,
	0xAF56, 0xFC01,
	0xAF58, 0x80E7,
	0xAF5A, 0xCFE0,
	0xAF5C, 0x1317,
	0xAF5E, 0xFC02,
	0xAF60, 0x0067,
	0xAF62, 0xC503,
	0xAF64, 0x87B7,
	0xAF66, 0x2400,
	0xAF68, 0xA783,
	0xAF6A, 0xD2C7,
	0xAF6C, 0xEB91,
	0xAF6E, 0x6541,
	0xAF70, 0x4605,
	0xAF72, 0x4585,
	0xAF74, 0x0513,
	0xAF76, 0xD125,
	0xAF78, 0x7317,
	0xAF7A, 0xFC01,
	0xAF7C, 0x0067,
	0xAF7E, 0xC0A3,
	0xAF80, 0x8082,
	0xAF82, 0x1317,
	0xAF84, 0xFC02,
	0xAF86, 0x02E7,
	0xAF88, 0xC103,
	0xAF8A, 0x47A5,
	0xAF8C, 0x1263,
	0xAF8E, 0x0AF5,
	0xAF90, 0x8097,
	0xAF92, 0xFC01,
	0xAF94, 0x80E7,
	0xAF96, 0x7540,
	0xAF98, 0xC541,
	0xAF9A, 0x6437,
	0xAF9C, 0x2400,
	0xAF9E, 0x0793,
	0xAFA0, 0x1E04,
	0xAFA2, 0xD783,
	0xAFA4, 0x0087,
	0xAFA6, 0x0413,
	0xAFA8, 0x1E04,
	0xAFAA, 0xCBBD,
	0xAFAC, 0xC7B7,
	0xAFAE, 0x2400,
	0xAFB0, 0xA783,
	0xAFB2, 0xF207,
	0xAFB4, 0x4515,
	0xAFB6, 0x9782,
	0xAFB8, 0x67B7,
	0xAFBA, 0x2400,
	0xAFBC, 0xD783,
	0xAFBE, 0x33C7,
	0xAFC0, 0xC789,
	0xAFC2, 0x9097,
	0xAFC4, 0xFC01,
	0xAFC6, 0x80E7,
	0xAFC8, 0x9780,
	0xAFCA, 0x6519,
	0xAFCC, 0x4601,
	0xAFCE, 0x0593,
	0xAFD0, 0x0200,
	0xAFD2, 0x0513,
	0xAFD4, 0x2125,
	0xAFD6, 0x7097,
	0xAFD8, 0xFC01,
	0xAFDA, 0x80E7,
	0xAFDC, 0xBAC0,
	0xAFDE, 0xA7B7,
	0xAFE0, 0x2400,
	0xAFE2, 0x8793,
	0xAFE4, 0xA107,
	0xAFE6, 0x43F8,
	0xAFE8, 0x4785,
	0xAFEA, 0x1F63,
	0xAFEC, 0x00F7,
	0xAFEE, 0x67B7,
	0xAFF0, 0x2400,
	0xAFF2, 0x2737,
	0xAFF4, 0x2400,
	0xAFF6, 0xD783,
	0xAFF8, 0xEC27,
	0xAFFA, 0x5703,
	0xAFFC, 0xEEC7,
	0xAFFE, 0x8FD9,
	0xB000, 0xEB89,
	0xB002, 0x5503,
	0xB004, 0x11E4,
	0xB006, 0xA801,
	0xB008, 0xA097,
	0xB00A, 0xFC01,
	0xB00C, 0x80E7,
	0xB00E, 0xBFA0,
	0xB010, 0xFD79,
	0xB012, 0x5503,
	0xB014, 0x1124,
	0xB016, 0x9979,
	0xB018, 0xE097,
	0xB01A, 0xFC01,
	0xB01C, 0x80E7,
	0xB01E, 0x2960,
	0xB020, 0xA7B7,
	0xB022, 0x2400,
	0xB024, 0x9823,
	0xB026, 0x4407,
	0xB028, 0x1317,
	0xB02A, 0xFC02,
	0xB02C, 0x0067,
	0xB02E, 0xB8E3,
	0xB030, 0x47A9,
	0xB032, 0x0C63,
	0xB034, 0x00F5,
	0xB036, 0x47AD,
	0xB038, 0x18E3,
	0xB03A, 0xFEF5,
	0xB03C, 0xC7B7,
	0xB03E, 0x2400,
	0xB040, 0xA783,
	0xB042, 0xF207,
	0xB044, 0x4519,
	0xB046, 0x9782,
	0xB048, 0xB7C5,
	0xB04A, 0x8097,
	0xB04C, 0xFC01,
	0xB04E, 0x80E7,
	0xB050, 0x69A0,
	0xB052, 0xD979,
	0xB054, 0x7097,
	0xB056, 0xFC01,
	0xB058, 0x80E7,
	0xB05A, 0x75E0,
	0xB05C, 0xB7F1,
	0xB05E, 0x1317,
	0xB060, 0xFC02,
	0xB062, 0x02E7,
	0xB064, 0xB343,
	0xB066, 0x87B7,
	0xB068, 0x2400,
	0xB06A, 0x8793,
	0xB06C, 0xDD07,
	0xB06E, 0xD683,
	0xB070, 0x3AC7,
	0xB072, 0xA737,
	0xB074, 0x2400,
	0xB076, 0x35B7,
	0xB078, 0x2002,
	0xB07A, 0x1723,
	0xB07C, 0x44D7,
	0xB07E, 0x7737,
	0xB080, 0x2400,
	0xB082, 0x5703,
	0xB084, 0x5667,
	0xB086, 0x8593,
	0xB088, 0x6DA5,
	0xB08A, 0x9623,
	0xB08C, 0x3AE7,
	0xB08E, 0x0713,
	0xB090, 0x3005,
	0xB092, 0x070A,
	0xB094, 0x97BA,
	0xB096, 0xB737,
	0xB098, 0x2400,
	0xB09A, 0x0713,
	0xB09C, 0x0AE7,
	0xB09E, 0xC7D8,
	0xB0A0, 0xF0EF,
	0xB0A2, 0xBD0F,
	0xB0A4, 0x4501,
	0xB0A6, 0x1317,
	0xB0A8, 0xFC02,
	0xB0AA, 0x0067,
	0xB0AC, 0xB103,
	0xB0AE, 0x1317,
	0xB0B0, 0xFC02,
	0xB0B2, 0x02E7,
	0xB0B4, 0xAE43,
	0xB0B6, 0xA737,
	0xB0B8, 0x2400,
	0xB0BA, 0x5703,
	0xB0BC, 0x44E7,
	0xB0BE, 0x87B7,
	0xB0C0, 0x2400,
	0xB0C2, 0x8793,
	0xB0C4, 0xDD07,
	0xB0C6, 0x9623,
	0xB0C8, 0x3AE7,
	0xB0CA, 0x0713,
	0xB0CC, 0x3005,
	0xB0CE, 0x070A,
	0xB0D0, 0x97BA,
	0xB0D2, 0xB737,
	0xB0D4, 0x2400,
	0xB0D6, 0x0713,
	0xB0D8, 0x05E7,
	0xB0DA, 0x35B7,
	0xB0DC, 0x2002,
	0xB0DE, 0xC7D8,
	0xB0E0, 0x8593,
	0xB0E2, 0x4D85,
	0xB0E4, 0xF0EF,
	0xB0E6, 0xB8CF,
	0xB0E8, 0x4501,
	0xB0EA, 0x1317,
	0xB0EC, 0xFC02,
	0xB0EE, 0x0067,
	0xB0F0, 0xACC3,
	0xB0F2, 0x1317,
	0xB0F4, 0xFC02,
	0xB0F6, 0x02E7,
	0xB0F8, 0xAA03,
	0xB0FA, 0x77B7,
	0xB0FC, 0x2400,
	0xB0FE, 0x8793,
	0xB100, 0xDD07,
	0xB102, 0x4FCC,
	0xB104, 0x1141,
	0xB106, 0x4601,
	0xB108, 0x842A,
	0xB10A, 0x4511,
	0xB10C, 0xC62E,
	0xB10E, 0x7097,
	0xB110, 0xFC01,
	0xB112, 0x80E7,
	0xB114, 0xB440,
	0xB116, 0x8522,
	0xB118, 0xC097,
	0xB11A, 0xFC00,
	0xB11C, 0x80E7,
	0xB11E, 0x4760,
	0xB120, 0x45B2,
	0xB122, 0x4605,
	0xB124, 0x4511,
	0xB126, 0x7097,
	0xB128, 0xFC01,
	0xB12A, 0x80E7,
	0xB12C, 0xB2C0,
	0xB12E, 0x96B7,
	0xB130, 0x2400,
	0xB132, 0x8693,
	0xB134, 0xDD06,
	0xB136, 0xC703,
	0xB138, 0xB656,
	0xB13A, 0xC783,
	0xB13C, 0xB646,
	0xB13E, 0x0263,
	0xB140, 0x02F7,
	0xB142, 0x67C1,
	0xB144, 0x17FD,
	0xB146, 0x8713,
	0xB148, 0xA806,
	0xB14A, 0xAC23,
	0xB14C, 0xAC06,
	0xB14E, 0xCF7C,
	0xB150, 0xD33C,
	0xB152, 0xD77C,
	0xB154, 0xDB3C,
	0xB156, 0xD37C,
	0xB158, 0xD73C,
	0xB15A, 0xDF3C,
	0xB15C, 0xDF7C,
	0xB15E, 0xAA23,
	0xB160, 0xAE06,
	0xB162, 0x0141,
	0xB164, 0x1317,
	0xB166, 0xFC02,
	0xB168, 0x0067,
	0xB16A, 0xA523,
	0xB16C, 0x1317,
	0xB16E, 0xFC02,
	0xB170, 0x02E7,
	0xB172, 0xA0C3,
	0xB174, 0xB097,
	0xB176, 0xFBFF,
	0xB178, 0x80E7,
	0xB17A, 0xD240,
	0xB17C, 0xF7B7,
	0xB17E, 0x4000,
	0xB180, 0xD783,
	0xB182, 0x6787,
	0xB184, 0x84B7,
	0xB186, 0x2400,
	0xB188, 0x9437,
	0xB18A, 0x2400,
	0xB18C, 0x8493,
	0xB18E, 0xDD04,
	0xB190, 0x0413,
	0xB192, 0xDD04,
	0xB194, 0xEBDD,
	0xB196, 0x67B7,
	0xB198, 0x2400,
	0xB19A, 0xA783,
	0xB19C, 0x3507,
	0xB19E, 0x4705,
	0xB1A0, 0xD783,
	0xB1A2, 0x2EE7,
	0xB1A4, 0x9B23,
	0xB1A6, 0x1AF4,
	0xB1A8, 0x9163,
	0xB1AA, 0x0AE7,
	0xB1AC, 0x67B7,
	0xB1AE, 0x4000,
	0xB1B0, 0xD783,
	0xB1B2, 0x26C7,
	0xB1B4, 0x9A13,
	0xB1B6, 0x0107,
	0xB1B8, 0x5A13,
	0xB1BA, 0x010A,
	0xB1BC, 0xC791,
	0xB1BE, 0x4501,
	0xB1C0, 0x8097,
	0xB1C2, 0xFC01,
	0xB1C4, 0x80E7,
	0xB1C6, 0x5AE0,
	0xB1C8, 0x4505,
	0xB1CA, 0x6097,
	0xB1CC, 0xFC01,
	0xB1CE, 0x80E7,
	0xB1D0, 0xE2A0,
	0xB1D2, 0xF7B7,
	0xB1D4, 0x4000,
	0xB1D6, 0x3937,
	0xB1D8, 0x2400,
	0xB1DA, 0x9C23,
	0xB1DC, 0x6607,
	0xB1DE, 0x0713,
	0xB1E0, 0x8109,
	0xB1E2, 0x5703,
	0xB1E4, 0x0BC7,
	0xB1E6, 0x0913,
	0xB1E8, 0x8109,
	0xB1EA, 0x9B23,
	0xB1EC, 0x66E7,
	0xB1EE, 0x5703,
	0xB1F0, 0xC6C4,
	0xB1F2, 0x0763,
	0xB1F4, 0x1007,
	0xB1F6, 0x29B7,
	0xB1F8, 0x2400,
	0xB1FA, 0x9923,
	0xB1FC, 0x60E7,
	0xB1FE, 0x8993,
	0xB200, 0xC909,
	0xB202, 0xD503,
	0xB204, 0x09A9,
	0xB206, 0x6097,
	0xB208, 0xFC01,
	0xB20A, 0x80E7,
	0xB20C, 0x4EC0,
	0xB20E, 0xF7B7,
	0xB210, 0x4000,
	0xB212, 0x4705,
	0xB214, 0x9C23,
	0xB216, 0x66E7,
	0xB218, 0xD503,
	0xB21A, 0x0969,
	0xB21C, 0x6097,
	0xB21E, 0xFC01,
	0xB220, 0x80E7,
	0xB222, 0x4D60,
	0xB224, 0x5603,
	0xB226, 0x0C69,
	0xB228, 0x6519,
	0xB22A, 0x6589,
	0xB22C, 0x0513,
	0xB22E, 0x22E5,
	0xB230, 0x7097,
	0xB232, 0xFC01,
	0xB234, 0x80E7,
	0xB236, 0x9520,
	0xB238, 0x0EA3,
	0xB23A, 0xB804,
	0xB23C, 0x0463,
	0xB23E, 0x0A0A,
	0xB240, 0x4505,
	0xB242, 0x8097,
	0xB244, 0xFC01,
	0xB246, 0x80E7,
	0xB248, 0x52C0,
	0xB24A, 0x4703,
	0xB24C, 0xB9D4,
	0xB24E, 0x4785,
	0xB250, 0x1A63,
	0xB252, 0x08F7,
	0xB254, 0x67B7,
	0xB256, 0x2400,
	0xB258, 0xA703,
	0xB25A, 0x3507,
	0xB25C, 0x67B7,
	0xB25E, 0x4000,
	0xB260, 0x2437,
	0xB262, 0x2400,
	0xB264, 0x5683,
	0xB266, 0x3107,
	0xB268, 0x0413,
	0xB26A, 0xC904,
	0xB26C, 0x9B23,
	0xB26E, 0x22D7,
	0xB270, 0x5683,
	0xB272, 0x30E7,
	0xB274, 0x9A23,
	0xB276, 0x22D7,
	0xB278, 0x5683,
	0xB27A, 0x3127,
	0xB27C, 0x9C23,
	0xB27E, 0x22D7,
	0xB280, 0x5703,
	0xB282, 0x3227,
	0xB284, 0x9623,
	0xB286, 0x24E7,
	0xB288, 0x9097,
	0xB28A, 0xFC00,
	0xB28C, 0x80E7,
	0xB28E, 0x4D00,
	0xB290, 0xC93D,
	0xB292, 0x9097,
	0xB294, 0xFC00,
	0xB296, 0x80E7,
	0xB298, 0x4C60,
	0xB29A, 0x5603,
	0xB29C, 0x06A4,
	0xB29E, 0x5683,
	0xB2A0, 0x06C4,
	0xB2A2, 0x85AA,
	0xB2A4, 0x8937,
	0xB2A6, 0x2400,
	0xB2A8, 0x0513,
	0xB2AA, 0x0749,
	0xB2AC, 0x5097,
	0xB2AE, 0xFC01,
	0xB2B0, 0x80E7,
	0xB2B2, 0xA080,
	0xB2B4, 0x85B7,
	0xB2B6, 0x2400,
	0xB2B8, 0x8593,
	0xB2BA, 0xE3C5,
	0xB2BC, 0x0513,
	0xB2BE, 0x0749,
	0xB2C0, 0x4097,
	0xB2C2, 0xFC01,
	0xB2C4, 0x80E7,
	0xB2C6, 0x7D80,
	0xB2C8, 0x5783,
	0xB2CA, 0x0644,
	0xB2CC, 0xC7B9,
	0xB2CE, 0xC603,
	0xB2D0, 0x2F24,
	0xB2D2, 0x652D,
	0xB2D4, 0x45F9,
	0xB2D6, 0x0606,
	0xB2D8, 0x0513,
	0xB2DA, 0x1365,
	0xB2DC, 0x7097,
	0xB2DE, 0xFC01,
	0xB2E0, 0x80E7,
	0xB2E2, 0x8D20,
	0xB2E4, 0x8537,
	0xB2E6, 0x2400,
	0xB2E8, 0x4625,
	0xB2EA, 0x4581,
	0xB2EC, 0x0513,
	0xB2EE, 0xEE65,
	0xB2F0, 0x7097,
	0xB2F2, 0xFC01,
	0xB2F4, 0x80E7,
	0xB2F6, 0xBAC0,
	0xB2F8, 0x1317,
	0xB2FA, 0xFC02,
	0xB2FC, 0x0067,
	0xB2FE, 0x8B43,
	0xB300, 0x5703,
	0xB302, 0x0C29,
	0xB304, 0xBDCD,
	0xB306, 0x9097,
	0xB308, 0xFC00,
	0xB30A, 0x80E7,
	0xB30C, 0x4480,
	0xB30E, 0x5603,
	0xB310, 0x0664,
	0xB312, 0x5683,
	0xB314, 0x0684,
	0xB316, 0x85AA,
	0xB318, 0xB771,
	0xB31A, 0x6519,
	0xB31C, 0xC603,
	0xB31E, 0x2F14,
	0xB320, 0x45BD,
	0xB322, 0x0513,
	0xB324, 0x22E5,
	0xB326, 0xBF5D,
	0xB328, 0x1317,
	0xB32A, 0xFC02,
	0xB32C, 0x02E7,
	0xB32E, 0x86A3,
	0xB330, 0x47CD,
	0xB332, 0x1A63,
	0xB334, 0x06F5,
	0xB336, 0x8097,
	0xB338, 0xFC01,
	0xB33A, 0x80E7,
	0xB33C, 0x3AE0,
	0xB33E, 0xA7B7,
	0xB340, 0x2400,
	0xB342, 0x8793,
	0xB344, 0xA107,
	0xB346, 0xCD01,
	0xB348, 0x0737,
	0xB34A, 0x2400,
	0xB34C, 0x0713,
	0xB34E, 0x0007,
	0xB350, 0x5683,
	0xB352, 0x2027,
	0xB354, 0x4703,
	0xB356, 0x7047,
	0xB358, 0x9733,
	0xB35A, 0x00E6,
	0xB35C, 0xCBF8,
	0xB35E, 0x7737,
	0xB360, 0x4000,
	0xB362, 0x5683,
	0xB364, 0x0487,
	0xB366, 0x4641,
	0xB368, 0xA737,
	0xB36A, 0x2400,
	0xB36C, 0x8AE1,
	0xB36E, 0x0713,
	0xB370, 0x4447,
	0xB372, 0x9A63,
	0xB374, 0x00C6,
	0xB376, 0x4B54,
	0xB378, 0x4F18,
	0xB37A, 0xCBF4,
	0xB37C, 0xCFB8,
	0xB37E, 0x1317,
	0xB380, 0xFC02,
	0xB382, 0x0067,
	0xB384, 0x8383,
	0xB386, 0x4BF4,
	0xB388, 0x4FBC,
	0xB38A, 0x4505,
	0xB38C, 0xCB54,
	0xB38E, 0xCF1C,
	0xB390, 0xC7B7,
	0xB392, 0x2400,
	0xB394, 0xA783,
	0xB396, 0xF207,
	0xB398, 0x9782,
	0xB39A, 0x4505,
	0xB39C, 0x5097,
	0xB39E, 0xFBFF,
	0xB3A0, 0x80E7,
	0xB3A2, 0x7360,
	0xB3A4, 0xBFE9,
	0xB3A6, 0x47D1,
	0xB3A8, 0x1BE3,
	0xB3AA, 0xFCF5,
	0xB3AC, 0x8097,
	0xB3AE, 0xFC01,
	0xB3B0, 0x80E7,
	0xB3B2, 0x3380,
	0xB3B4, 0xD569,
	0xB3B6, 0x77B7,
	0xB3B8, 0x2400,
	0xB3BA, 0xD603,
	0xB3BC, 0x5667,
	0xB3BE, 0xA7B7,
	0xB3C0, 0x2400,
	0xB3C2, 0x8793,
	0xB3C4, 0x4007,
	0xB3C6, 0x579C,
	0xB3C8, 0x0713,
	0xB3CA, 0xFFF6,
	0xB3CC, 0xA6B7,
	0xB3CE, 0x2400,
	0xB3D0, 0x973E,
	0xB3D2, 0x5733,
	0xB3D4, 0x02C7,
	0xB3D6, 0x8693,
	0xB3D8, 0x0106,
	0xB3DA, 0x529C,
	0xB3DC, 0x8F99,
	0xB3DE, 0xA737,
	0xB3E0, 0x2400,
	0xB3E2, 0x0713,
	0xB3E4, 0xA107,
	0xB3E6, 0xD29C,
	0xB3E8, 0x4B74,
	0xB3EA, 0xFAE3,
	0xB3EC, 0xF8D7,
	0xB3EE, 0xCB7C,
	0xB3F0, 0xB779,
	0xB3F2, 0x4789,
	0xB3F4, 0x1863,
	0xB3F6, 0x04F5,
	0xB3F8, 0x87B7,
	0xB3FA, 0x2400,
	0xB3FC, 0x8713,
	0xB3FE, 0xDD07,
	0xB400, 0x6685,
	0xB402, 0x9736,
	0xB404, 0x4683,
	0xB406, 0x9827,
	0xB408, 0x8793,
	0xB40A, 0xDD07,
	0xB40C, 0xE6B5,
	0xB40E, 0x5683,
	0xB410, 0xD727,
	0xB412, 0x4705,
	0xB414, 0x9263,
	0xB416, 0x06E6,
	0xB418, 0xD703,
	0xB41A, 0x3DC7,
	0xB41C, 0xA683,
	0xB41E, 0x4047,
	0xB420, 0x8633,
	0xB422, 0x40E6,
	0xB424, 0x6463,
	0xB426, 0x00D7,
	0xB428, 0x0633,
	0xB42A, 0x40D7,
	0xB42C, 0x46C1,
	0xB42E, 0xF563,
	0xB430, 0x04C6,
	0xB432, 0xD683,
	0xB434, 0x3E67,
	0xB436, 0x9736,
	0xB438, 0xD683,
	0xB43A, 0x3E47,
	0xB43C, 0x8F15,
	0xB43E, 0x9E23,
	0xB440, 0x3CE7,
	0xB442, 0x8082,
	0xB444, 0x4785,
	0xB446, 0x1963,
	0xB448, 0x02F5,
	0xB44A, 0x0317,
	0xB44C, 0xFC02,
	0xB44E, 0x02E7,
	0xB450, 0x7483,
	0xB452, 0x8097,
	0xB454, 0xFC01,
	0xB456, 0x80E7,
	0xB458, 0x2920,
	0xB45A, 0xC919,
	0xB45C, 0x87B7,
	0xB45E, 0x2400,
	0xB460, 0x8793,
	0xB462, 0xDD07,
	0xB464, 0xD703,
	0xB466, 0x0EA7,
	0xB468, 0x7713,
	0xB46A, 0xBFF7,
	0xB46C, 0x9523,
	0xB46E, 0x0EE7,
	0xB470, 0x0317,
	0xB472, 0xFC02,
	0xB474, 0x0067,
	0xB476, 0x7463,
	0xB478, 0x8082,
	0xB47A, 0x27B7,
	0xB47C, 0x2400,
	0xB47E, 0xD783,
	0xB480, 0xCF47,
	0xB482, 0xE7B1,
	0xB484, 0x0317,
	0xB486, 0xFC02,
	0xB488, 0x02E7,
	0xB48A, 0x70E3,
	0xB48C, 0x6419,
	0xB48E, 0x0593,
	0xB490, 0x0C00,
	0xB492, 0x0513,
	0xB494, 0x20C4,
	0xB496, 0x3097,
	0xB498, 0xFC01,
	0xB49A, 0x80E7,
	0xB49C, 0xF860,
	0xB49E, 0x4785,
	0xB4A0, 0x1363,
	0xB4A2, 0x02F5,
	0xB4A4, 0x4601,
	0xB4A6, 0x45C1,
	0xB4A8, 0x0513,
	0xB4AA, 0x22E4,
	0xB4AC, 0x6097,
	0xB4AE, 0xFC01,
	0xB4B0, 0x80E7,
	0xB4B2, 0x6D60,
	0xB4B4, 0x4601,
	0xB4B6, 0x0593,
	0xB4B8, 0x0400,
	0xB4BA, 0x0513,
	0xB4BC, 0x20C4,
	0xB4BE, 0x6097,
	0xB4C0, 0xFC01,
	0xB4C2, 0x80E7,
	0xB4C4, 0x6C40,
	0xB4C6, 0x0317,
	0xB4C8, 0xFC02,
	0xB4CA, 0x0067,
	0xB4CC, 0x6F03,
	0xB4CE, 0x8082,
	0xB4D0, 0x97B7,
	0xB4D2, 0x2400,
	0xB4D4, 0xC703,
	0xB4D6, 0xCE07,
	0xB4D8, 0xA7B7,
	0xB4DA, 0x2400,
	0xB4DC, 0x8793,
	0xB4DE, 0x4447,
	0xB4E0, 0xEB09,
	0xB4E2, 0x6737,
	0xB4E4, 0x2400,
	0xB4E6, 0x5703,
	0xB4E8, 0x33A7,
	0xB4EA, 0xD683,
	0xB4EC, 0x0107,
	0xB4EE, 0x8F55,
	0xB4F0, 0xCB11,
	0xB4F2, 0xD703,
	0xB4F4, 0x00E7,
	0xB4F6, 0x4505,
	0xB4F8, 0xEB05,
	0xB4FA, 0xD503,
	0xB4FC, 0x0227,
	0xB4FE, 0x3513,
	0xB500, 0x0015,
	0xB502, 0x8082,
	0xB504, 0x0317,
	0xB506, 0xFC02,
	0xB508, 0x02E7,
	0xB50A, 0x68E3,
	0xB50C, 0x9097,
	0xB50E, 0xFC00,
	0xB510, 0x80E7,
	0xB512, 0xFCA0,
	0xB514, 0x87B7,
	0xB516, 0x2400,
	0xB518, 0xA783,
	0xB51A, 0x7707,
	0xB51C, 0x3533,
	0xB51E, 0x00F5,
	0xB520, 0x0317,
	0xB522, 0xFC02,
	0xB524, 0x0067,
	0xB526, 0x6963,
	0xB528, 0x8082,
	0xB52A, 0x0317,
	0xB52C, 0xFC02,
	0xB52E, 0x02E7,
	0xB530, 0x6683,
	0xB532, 0x8097,
	0xB534, 0xFC01,
	0xB536, 0x80E7,
	0xB538, 0x1B20,
	0xB53A, 0xCD05,
	0xB53C, 0xB097,
	0xB53E, 0xFC00,
	0xB540, 0x80E7,
	0xB542, 0x63E0,
	0xB544, 0xE51D,
	0xB546, 0x67B7,
	0xB548, 0x4000,
	0xB54A, 0xD783,
	0xB54C, 0x20C7,
	0xB54E, 0x6705,
	0xB550, 0x0713,
	0xB552, 0x8017,
	0xB554, 0x8FF9,
	0xB556, 0xEB91,
	0xB558, 0x8537,
	0xB55A, 0x2400,
	0xB55C, 0x4591,
	0xB55E, 0x0513,
	0xB560, 0xEB45,
	0xB562, 0x6097,
	0xB564, 0xFC01,
	0xB566, 0x80E7,
	0xB568, 0xA640,
	0xB56A, 0x97B7,
	0xB56C, 0x2400,
	0xB56E, 0xA223,
	0xB570, 0xA407,
	0xB572, 0xA537,
	0xB574, 0x2400,
	0xB576, 0x4611,
	0xB578, 0x4581,
	0xB57A, 0x0513,
	0xB57C, 0xA545,
	0xB57E, 0x7097,
	0xB580, 0xFC01,
	0xB582, 0x80E7,
	0xB584, 0x91E0,
	0xB586, 0x2411,
	0xB588, 0x4501,
	0xB58A, 0x0317,
	0xB58C, 0xFC02,
	0xB58E, 0x0067,
	0xB590, 0x62C3,
	0xB592, 0x47BD,
	0xB594, 0x1363,
	0xB596, 0x04F5,
	0xB598, 0x0317,
	0xB59A, 0xFC02,
	0xB59C, 0x02E7,
	0xB59E, 0x5FA3,
	0xB5A0, 0x9097,
	0xB5A2, 0xFC01,
	0xB5A4, 0x80E7,
	0xB5A6, 0x63C0,
	0xB5A8, 0xC50D,
	0xB5AA, 0x87B7,
	0xB5AC, 0x2400,
	0xB5AE, 0x8693,
	0xB5B0, 0xDD07,
	0xB5B2, 0xD703,
	0xB5B4, 0x3A06,
	0xB5B6, 0xA683,
	0xB5B8, 0x7406,
	0xB5BA, 0x8793,
	0xB5BC, 0xDD07,
	0xB5BE, 0xF463,
	0xB5C0, 0x00E6,
	0xB5C2, 0xA023,
	0xB5C4, 0x74E7,
	0xB5C6, 0x6705,
	0xB5C8, 0x973E,
	0xB5CA, 0xA783,
	0xB5CC, 0x7407,
	0xB5CE, 0x2623,
	0xB5D0, 0x80F7,
	0xB5D2, 0x0317,
	0xB5D4, 0xFC02,
	0xB5D6, 0x0067,
	0xB5D8, 0x5E43,
	0xB5DA, 0x4785,
	0xB5DC, 0x1663,
	0xB5DE, 0x02F5,
	0xB5E0, 0x87B7,
	0xB5E2, 0x2400,
	0xB5E4, 0x8793,
	0xB5E6, 0xDD07,
	0xB5E8, 0xC703,
	0xB5EA, 0x1AC7,
	0xB5EC, 0x1E63,
	0xB5EE, 0x00A7,
	0xB5F0, 0x6705,
	0xB5F2, 0x97BA,
	0xB5F4, 0xA737,
	0xB5F6, 0x2400,
	0xB5F8, 0x5683,
	0xB5FA, 0x42E7,
	0xB5FC, 0xA703,
	0xB5FE, 0x8447,
	0xB600, 0x9736,
	0xB602, 0xA223,
	0xB604, 0x84E7,
	0xB606, 0x8082,
	0xB608, 0x8082,
	0xB60A, 0x4785,
	0xB60C, 0x1A63,
	0xB60E, 0x00F5,
	0xB610, 0x67B7,
	0xB612, 0x2400,
	0xB614, 0xD703,
	0xB616, 0x9A67,
	0xB618, 0xB7B7,
	0xB61A, 0x4000,
	0xB61C, 0x9223,
	0xB61E, 0xF2E7,
	0xB620, 0x8082,
	0xB622, 0x670D,
	0xB624, 0x0693,
	0xB626, 0x4807,
	0xB628, 0x0793,
	0xB62A, 0x2407,
	0xB62C, 0x9463,
	0xB62E, 0x00D5,
	0xB630, 0x0793,
	0xB632, 0x2807,
	0xB634, 0x0737,
	0xB636, 0x2800,
	0xB638, 0x66B7,
	0xB63A, 0x2400,
	0xB63C, 0x97BA,
	0xB63E, 0x4801,
	0xB640, 0x8693,
	0xB642, 0x6B06,
	0xB644, 0xC703,
	0xB646, 0x2D06,
	0xB648, 0x7363,
	0xB64A, 0x02E8,
	0xB64C, 0x872A,
	0xB64E, 0x85BE,
	0xB650, 0x4601,
	0xB652, 0xA031,
	0xB654, 0x4188,
	0xB656, 0x0605,
	0xB658, 0x0591,
	0xB65A, 0xC308,
	0xB65C, 0x0711,
	0xB65E, 0xC883,
	0xB660, 0x2D16,
	0xB662, 0x853A,
	0xB664, 0x68E3,
	0xB666, 0xFF16,
	0xB668, 0x0805,
	0xB66A, 0x07C1,
	0xB66C, 0xBFE1,
	0xB66E, 0x8082,
	0xB670, 0x0317,
	0xB672, 0xFC02,
	0xB674, 0x02E7,
	0xB676, 0x5083,
	0xB678, 0x8437,
	0xB67A, 0x2400,
	0xB67C, 0x0793,
	0xB67E, 0xDD04,
	0xB680, 0xCA03,
	0xB682, 0x3937,
	0xB684, 0xC983,
	0xB686, 0x3947,
	0xB688, 0x57B7,
	0xB68A, 0x2400,
	0xB68C, 0xD783,
	0xB68E, 0xDEC7,
	0xB690, 0x84AA,
	0xB692, 0x892E,
	0xB694, 0x0413,
	0xB696, 0xDD04,
	0xB698, 0xC78D,
	0xB69A, 0x6737,
	0xB69C, 0x2400,
	0xB69E, 0x0713,
	0xB6A0, 0x6B07,
	0xB6A2, 0x4783,
	0xB6A4, 0x2D07,
	0xB6A6, 0x4703,
	0xB6A8, 0x2D17,
	0xB6AA, 0x87B3,
	0xB6AC, 0x02E7,
	0xB6AE, 0xF793,
	0xB6B0, 0x0FF7,
	0xB6B2, 0x5733,
	0xB6B4, 0x02FA,
	0xB6B6, 0xD7B3,
	0xB6B8, 0x02F9,
	0xB6BA, 0x09A3,
	0xB6BC, 0x38E4,
	0xB6BE, 0x0A23,
	0xB6C0, 0x38F4,
	0xB6C2, 0x77B7,
	0xB6C4, 0x2400,
	0xB6C6, 0x8793,
	0xB6C8, 0xDD07,
	0xB6CA, 0xAA83,
	0xB6CC, 0x0347,
	0xB6CE, 0x4601,
	0xB6D0, 0x4511,
	0xB6D2, 0x85D6,
	0xB6D4, 0x6097,
	0xB6D6, 0xFC01,
	0xB6D8, 0x80E7,
	0xB6DA, 0x57E0,
	0xB6DC, 0x85CA,
	0xB6DE, 0x8526,
	0xB6E0, 0x0097,
	0xB6E2, 0xFC00,
	0xB6E4, 0x80E7,
	0xB6E6, 0xEB60,
	0xB6E8, 0x4605,
	0xB6EA, 0x85D6,
	0xB6EC, 0x4511,
	0xB6EE, 0x6097,
	0xB6F0, 0xFC01,
	0xB6F2, 0x80E7,
	0xB6F4, 0x5640,
	0xB6F6, 0x09A3,
	0xB6F8, 0x3944,
	0xB6FA, 0x0A23,
	0xB6FC, 0x3934,
	0xB6FE, 0x0317,
	0xB700, 0xFC02,
	0xB702, 0x0067,
	0xB704, 0x4AE3,
	0xB706, 0xA737,
	0xB708, 0x2400,
	0xB70A, 0x0713,
	0xB70C, 0x4447,
	0xB70E, 0x5683,
	0xB710, 0x01C7,
	0xB712, 0x4785,
	0xB714, 0x9663,
	0xB716, 0x02F6,
	0xB718, 0x87B7,
	0xB71A, 0x2400,
	0xB71C, 0x8793,
	0xB71E, 0xDD07,
	0xB720, 0xC683,
	0xB722, 0x1047,
	0xB724, 0x8223,
	0xB726, 0x1007,
	0xB728, 0x1023,
	0xB72A, 0x02D7,
	0xB72C, 0xC683,
	0xB72E, 0x2EE7,
	0xB730, 0xF613,
	0xB732, 0x0406,
	0xB734, 0xF693,
	0xB736, 0xFBF6,
	0xB738, 0x1F23,
	0xB73A, 0x00C7,
	0xB73C, 0x8723,
	0xB73E, 0x2ED7,
	0xB740, 0x8082,
	0xB742, 0xA737,
	0xB744, 0x2400,
	0xB746, 0x0713,
	0xB748, 0x4447,
	0xB74A, 0x5683,
	0xB74C, 0x01C7,
	0xB74E, 0x4785,
	0xB750, 0x9263,
	0xB752, 0x02F6,
	0xB754, 0x87B7,
	0xB756, 0x2400,
	0xB758, 0x8793,
	0xB75A, 0xDD07,
	0xB75C, 0x5683,
	0xB75E, 0x01E7,
	0xB760, 0xC603,
	0xB762, 0x2EE7,
	0xB764, 0x5703,
	0xB766, 0x0207,
	0xB768, 0x069A,
	0xB76A, 0x8ED1,
	0xB76C, 0x8723,
	0xB76E, 0x2ED7,
	0xB770, 0x8223,
	0xB772, 0x10E7,
	0xB774, 0x8082,
	0xB776, 0xA7B7,
	0xB778, 0x2400,
	0xB77A, 0x8793,
	0xB77C, 0x4447,
	0xB77E, 0x4705,
	0xB780, 0x9E23,
	0xB782, 0x0007,
	0xB784, 0x9123,
	0xB786, 0x02E7,
	0xB788, 0x8082,
	0xB78A, 0x27B7,
	0xB78C, 0x2400,
	0xB78E, 0xD703,
	0xB790, 0xD007,
	0xB792, 0x4785,
	0xB794, 0x1B63,
	0xB796, 0x00F7,
	0xB798, 0x6519,
	0xB79A, 0x4601,
	0xB79C, 0x65B9,
	0xB79E, 0x0513,
	0xB7A0, 0x22E5,
	0xB7A2, 0x6317,
	0xB7A4, 0xFC01,
	0xB7A6, 0x0067,
	0xB7A8, 0x40C3,
	0xB7AA, 0x8082,
	0xB7AC, 0x0317,
	0xB7AE, 0xFC02,
	0xB7B0, 0x02E7,
	0xB7B2, 0x3E63,
	0xB7B4, 0x3637,
	0xB7B6, 0x2400,
	0xB7B8, 0x0793,
	0xB7BA, 0x8106,
	0xB7BC, 0xD283,
	0xB7BE, 0x0887,
	0xB7C0, 0xD383,
	0xB7C2, 0x08A7,
	0xB7C4, 0xD403,
	0xB7C6, 0x08C7,
	0xB7C8, 0x4D5C,
	0xB7CA, 0x0713,
	0xB7CC, 0x0300,
	0xB7CE, 0x5E83,
	0xB7D0, 0x00A5,
	0xB7D2, 0x0733,
	0xB7D4, 0x02F7,
	0xB7D6, 0x68C1,
	0xB7D8, 0x6585,
	0xB7DA, 0x2F03,
	0xB7DC, 0x0005,
	0xB7DE, 0x0693,
	0xB7E0, 0x1405,
	0xB7E2, 0x0EB2,
	0xB7E4, 0x0613,
	0xB7E6, 0x8106,
	0xB7E8, 0x18FD,
	0xB7EA, 0x8593,
	0xB7EC, 0xF335,
	0xB7EE, 0x3937,
	0xB7F0, 0x00F3,
	0xB7F2, 0x972A,
	0xB7F4, 0x4485,
	0xB7F6, 0x0513,
	0xB7F8, 0x1705,
	0xB7FA, 0x5783,
	0xB7FC, 0x0247,
	0xB7FE, 0x5E03,
	0xB800, 0x0207,
	0xB802, 0x5303,
	0xB804, 0x0227,
	0xB806, 0xC7B3,
	0xB808, 0x02FE,
	0xB80A, 0xD71C,
	0xB80C, 0x5783,
	0xB80E, 0x03E6,
	0xB810, 0xC391,
	0xB812, 0x8E3E,
	0xB814, 0x5783,
	0xB816, 0x0466,
	0xB818, 0xC391,
	0xB81A, 0x833E,
	0xB81C, 0x1793,
	0xB81E, 0x008E,
	0xB820, 0xC7B3,
	0xB822, 0x0267,
	0xB824, 0x9F93,
	0xB826, 0x0107,
	0xB828, 0xF7B3,
	0xB82A, 0x0117,
	0xB82C, 0xC7B3,
	0xB82E, 0x02FE,
	0xB830, 0xDF93,
	0xB832, 0x010F,
	0xB834, 0x8863,
	0xB836, 0x0002,
	0xB838, 0x0663,
	0xB83A, 0x000F,
	0xB83C, 0xE463,
	0xB83E, 0x007F,
	0xB840, 0xC7B3,
	0xB842, 0x028E,
	0xB844, 0x6805,
	0xB846, 0xE563,
	0xB848, 0x00F5,
	0xB84A, 0x5833,
	0xB84C, 0x02F9,
	0xB84E, 0x87AE,
	0xB850, 0x9023,
	0xB852, 0x01C6,
	0xB854, 0x9123,
	0xB856, 0x0066,
	0xB858, 0x9223,
	0xB85A, 0x01F6,
	0xB85C, 0x0363,
	0xB85E, 0x009F,
	0xB860, 0x883E,
	0xB862, 0xA423,
	0xB864, 0x0106,
	0xB866, 0x06B1,
	0xB868, 0x0731,
	0xB86A, 0x0609,
	0xB86C, 0x97E3,
	0xB86E, 0xF8A6,
	0xB870, 0x0317,
	0xB872, 0xFC02,
	0xB874, 0x0067,
	0xB876, 0x3463,
	0xB878, 0x0317,
	0xB87A, 0xFC02,
	0xB87C, 0x02E7,
	0xB87E, 0x3003,
	0xB880, 0x37B7,
	0xB882, 0x2400,
	0xB884, 0x8693,
	0xB886, 0x8107,
	0xB888, 0xD703,
	0xB88A, 0x0526,
	0xB88C, 0xD683,
	0xB88E, 0x0506,
	0xB890, 0x84B2,
	0xB892, 0x89AA,
	0xB894, 0x1423,
	0xB896, 0x00D6,
	0xB898, 0x4615,
	0xB89A, 0x892E,
	0xB89C, 0x8793,
	0xB89E, 0x8107,
	0xB8A0, 0x7363,
	0xB8A2, 0x00E6,
	0xB8A4, 0x4711,
	0xB8A6, 0xCCD8,
	0xB8A8, 0xA403,
	0xB8AA, 0x0009,
	0xB8AC, 0xD703,
	0xB8AE, 0x04E7,
	0xB8B0, 0x6605,
	0xB8B2, 0x040E,
	0xB8B4, 0x0442,
	0xB8B6, 0xCC90,
	0xB8B8, 0x2603,
	0xB8BA, 0x0009,
	0xB8BC, 0x8041,
	0xB8BE, 0x9223,
	0xB8C0, 0x0084,
	0xB8C2, 0x9523,
	0xB8C4, 0x00E4,
	0xB8C6, 0xEE35,
	0xB8C8, 0xD783,
	0xB8CA, 0x0647,
	0xB8CC, 0x472D,
	0xB8CE, 0x9363,
	0xB8D0, 0x06E7,
	0xB8D2, 0x4789,
	0xB8D4, 0x2023,
	0xB8D6, 0x00F9,
	0xB8D8, 0x4785,
	0xB8DA, 0x8A23,
	0xB8DC, 0x00F4,
	0xB8DE, 0x8526,
	0xB8E0, 0x35F1,
	0xB8E2, 0x6785,
	0xB8E4, 0xC89C,
	0xB8E6, 0x6789,
	0xB8E8, 0xFB63,
	0xB8EA, 0x0687,
	0xB8EC, 0x8005,
	0xB8EE, 0x4785,
	0xB8F0, 0xC880,
	0xB8F2, 0x8623,
	0xB8F4, 0x00F4,
	0xB8F6, 0x6409,
	0xB8F8, 0x5793,
	0xB8FA, 0x0034,
	0xB8FC, 0xA023,
	0xB8FE, 0x00F9,
	0xB900, 0x078E,
	0xB902, 0x07C2,
	0xB904, 0x83C1,
	0xB906, 0x0432,
	0xB908, 0x4433,
	0xB90A, 0x02F4,
	0xB90C, 0x2703,
	0xB90E, 0x0009,
	0xB910, 0x9323,
	0xB912, 0x00F4,
	0xB914, 0x6785,
	0xB916, 0xC098,
	0xB918, 0x0A63,
	0xB91A, 0x00F4,
	0xB91C, 0x4785,
	0xB91E, 0x8623,
	0xB920, 0x00F4,
	0xB922, 0x489C,
	0xB924, 0x0433,
	0xB926, 0x02F4,
	0xB928, 0x8031,
	0xB92A, 0xC880,
	0xB92C, 0x0317,
	0xB92E, 0xFC02,
	0xB930, 0x0067,
	0xB932, 0x2803,
	0xB934, 0x470D,
	0xB936, 0x96E3,
	0xB938, 0xFAE7,
	0xB93A, 0x4785,
	0xB93C, 0x2023,
	0xB93E, 0x00F9,
	0xB940, 0xBF69,
	0xB942, 0x6CE3,
	0xB944, 0xFED4,
	0xB946, 0x0422,
	0xB948, 0x4433,
	0xB94A, 0x02E4,
	0xB94C, 0x4789,
	0xB94E, 0x2023,
	0xB950, 0x00F9,
	0xB952, 0x4785,
	0xB954, 0x8A23,
	0xB956, 0x00F4,
	0xB958, 0x0442,
	0xB95A, 0x8041,
	0xB95C, 0xB749,
	0xB95E, 0x8623,
	0xB960, 0x0004,
	0xB962, 0xBF59,
	0xB964, 0x37B7,
	0xB966, 0x2400,
	0xB968, 0xD783,
	0xB96A, 0x8107,
	0xB96C, 0xC3D1,
	0xB96E, 0x0317,
	0xB970, 0xFC02,
	0xB972, 0x02E7,
	0xB974, 0x2243,
	0xB976, 0x842A,
	0xB978, 0x9097,
	0xB97A, 0xFC00,
	0xB97C, 0x80E7,
	0xB97E, 0x4520,
	0xB980, 0x1433,
	0xB982, 0x00A4,
	0xB984, 0x9097,
	0xB986, 0xFC00,
	0xB988, 0x80E7,
	0xB98A, 0x42C0,
	0xB98C, 0x55B3,
	0xB98E, 0x00A4,
	0xB990, 0x6531,
	0xB992, 0x0513,
	0xB994, 0x3405,
	0xB996, 0x6097,
	0xB998, 0xFC01,
	0xB99A, 0x80E7,
	0xB99C, 0x29E0,
	0xB99E, 0x87B7,
	0xB9A0, 0x2400,
	0xB9A2, 0x8793,
	0xB9A4, 0xDD07,
	0xB9A6, 0xD703,
	0xB9A8, 0x37E7,
	0xB9AA, 0xD503,
	0xB9AC, 0x3BA7,
	0xB9AE, 0x953A,
	0xB9B0, 0xD703,
	0xB9B2, 0x3BC7,
	0xB9B4, 0x953A,
	0xB9B6, 0x2737,
	0xB9B8, 0x2400,
	0xB9BA, 0x0713,
	0xB9BC, 0xD607,
	0xB9BE, 0x5683,
	0xB9C0, 0x0887,
	0xB9C2, 0x9536,
	0xB9C4, 0x6685,
	0xB9C6, 0x97B6,
	0xB9C8, 0xA583,
	0xB9CA, 0x80C7,
	0xB9CC, 0x5683,
	0xB9CE, 0x08A7,
	0xB9D0, 0x5783,
	0xB9D2, 0x08C7,
	0xB9D4, 0x15FD,
	0xB9D6, 0x8D95,
	0xB9D8, 0x97AA,
	0xB9DA, 0xF363,
	0xB9DC, 0x00F5,
	0xB9DE, 0x85BE,
	0xB9E0, 0x6097,
	0xB9E2, 0xFC00,
	0xB9E4, 0x80E7,
	0xB9E6, 0x5580,
	0xB9E8, 0x0317,
	0xB9EA, 0xFC02,
	0xB9EC, 0x0067,
	0xB9EE, 0x1CE3,
	0xB9F0, 0x8082,
	0xB9F2, 0xA7B7,
	0xB9F4, 0x2400,
	0xB9F6, 0xD783,
	0xB9F8, 0x4307,
	0xB9FA, 0xCFB1,
	0xB9FC, 0x9737,
	0xB9FE, 0x2400,
	0xBA00, 0x0713,
	0xBA02, 0x2747,
	0xBA04, 0x4F54,
	0xBA06, 0x531C,
	0xBA08, 0xD613,
	0xBA0A, 0x41F6,
	0xBA0C, 0xD593,
	0xBA0E, 0x41F7,
	0xBA10, 0x97B6,
	0xBA12, 0xB6B3,
	0xBA14, 0x00D7,
	0xBA16, 0x962E,
	0xBA18, 0x9636,
	0xBA1A, 0x5354,
	0xBA1C, 0xD593,
	0xBA1E, 0x41F6,
	0xBA20, 0x97B6,
	0xBA22, 0xB6B3,
	0xBA24, 0x00D7,
	0xBA26, 0x962E,
	0xBA28, 0x9636,
	0xBA2A, 0x5714,
	0xBA2C, 0xD593,
	0xBA2E, 0x41F6,
	0xBA30, 0x97B6,
	0xBA32, 0xB6B3,
	0xBA34, 0x00D7,
	0xBA36, 0x962E,
	0xBA38, 0x9636,
	0xBA3A, 0x5693,
	0xBA3C, 0x41F6,
	0xBA3E, 0x8A8D,
	0xBA40, 0x97B6,
	0xBA42, 0xB6B3,
	0xBA44, 0x00D7,
	0xBA46, 0x96B2,
	0xBA48, 0x06FA,
	0xBA4A, 0x8389,
	0xBA4C, 0x8FD5,
	0xBA4E, 0xCF5C,
	0xBA50, 0xD31C,
	0xBA52, 0xD35C,
	0xBA54, 0xD71C,
	0xBA56, 0x8082,
	0xBA58, 0x0317,
	0xBA5A, 0xFC02,
	0xBA5C, 0x02E7,
	0xBA5E, 0x10A3,
	0xBA60, 0x77B7,
	0xBA62, 0x2400,
	0xBA64, 0x8793,
	0xBA66, 0xDD07,
	0xBA68, 0x47E4,
	0xBA6A, 0x1141,
	0xBA6C, 0x842A,
	0xBA6E, 0x4601,
	0xBA70, 0x892E,
	0xBA72, 0x4511,
	0xBA74, 0x85A6,
	0xBA76, 0x6097,
	0xBA78, 0xFC01,
	0xBA7A, 0x80E7,
	0xBA7C, 0x1DC0,
	0xBA7E, 0x8522,
	0xBA80, 0x85CA,
	0xBA82, 0x1097,
	0xBA84, 0xFC00,
	0xBA86, 0x80E7,
	0xBA88, 0x60E0,
	0xBA8A, 0x4605,
	0xBA8C, 0x85A6,
	0xBA8E, 0x4511,
	0xBA90, 0x6097,
	0xBA92, 0xFC01,
	0xBA94, 0x80E7,
	0xBA96, 0x1C20,
	0xBA98, 0xA437,
	0xBA9A, 0x2400,
	0xBA9C, 0x0793,
	0xBA9E, 0x4004,
	0xBAA0, 0xD703,
	0xBAA2, 0x0327,
	0xBAA4, 0x4785,
	0xBAA6, 0x1D63,
	0xBAA8, 0x2CF7,
	0xBAAA, 0x74B7,
	0xBAAC, 0x2400,
	0xBAAE, 0x8493,
	0xBAB0, 0x4B04,
	0xBAB2, 0xD983,
	0xBAB4, 0x0F24,
	0xBAB6, 0xCDB7,
	0xBAB8, 0x2400,
	0xBABA, 0x0413,
	0xBABC, 0x4004,
	0xBABE, 0x098E,
	0xBAC0, 0xF513,
	0xBAC2, 0x0F89,
	0xBAC4, 0x0097,
	0xBAC6, 0xFC02,
	0xBAC8, 0x80E7,
	0xBACA, 0xF4E0,
	0xBACC, 0xA583,
	0xBACE, 0xF24D,
	0xBAD0, 0x0097,
	0xBAD2, 0xFC02,
	0xBAD4, 0x80E7,
	0xBAD6, 0x9000,
	0xBAD8, 0x8A2A,
	0xBADA, 0xD513,
	0xBADC, 0x0089,
	0xBADE, 0x0097,
	0xBAE0, 0xFC02,
	0xBAE2, 0x80E7,
	0xBAE4, 0xF340,
	0xBAE6, 0x85AA,
	0xBAE8, 0x8552,
	0xBAEA, 0xF097,
	0xBAEC, 0xFC01,
	0xBAEE, 0x80E7,
	0xBAF0, 0x2260,
	0xBAF2, 0x89AA,
	0xBAF4, 0xA503,
	0xBAF6, 0x0E04,
	0xBAF8, 0x0097,
	0xBAFA, 0xFC02,
	0xBAFC, 0x80E7,
	0xBAFE, 0xFD40,
	0xBB00, 0x85AA,
	0xBB02, 0x854E,
	0xBB04, 0x0097,
	0xBB06, 0xFC02,
	0xBB08, 0x80E7,
	0xBB0A, 0x8CC0,
	0xBB0C, 0x5483,
	0xBB0E, 0x0344,
	0xBB10, 0x5A83,
	0xBB12, 0x0364,
	0xBB14, 0x89AA,
	0xBB16, 0xA097,
	0xBB18, 0xFC00,
	0xBB1A, 0x80E7,
	0xBB1C, 0x0F20,
	0xBB1E, 0x8AB3,
	0xBB20, 0x02AA,
	0xBB22, 0x048E,
	0xBB24, 0xA097,
	0xBB26, 0xFC00,
	0xBB28, 0x80E7,
	0xBB2A, 0x1100,
	0xBB2C, 0x8A2A,
	0xBB2E, 0xF513,
	0xBB30, 0x0F84,
	0xBB32, 0x0097,
	0xBB34, 0xFC02,
	0xBB36, 0x80E7,
	0xBB38, 0xEE00,
	0xBB3A, 0xA583,
	0xBB3C, 0xF24D,
	0xBB3E, 0x0097,
	0xBB40, 0xFC02,
	0xBB42, 0x80E7,
	0xBB44, 0x8920,
	0xBB46, 0x8B2A,
	0xBB48, 0xD513,
	0xBB4A, 0x0084,
	0xBB4C, 0x0097,
	0xBB4E, 0xFC02,
	0xBB50, 0x80E7,
	0xBB52, 0xEC60,
	0xBB54, 0x85AA,
	0xBB56, 0x855A,
	0xBB58, 0xF097,
	0xBB5A, 0xFC01,
	0xBB5C, 0x80E7,
	0xBB5E, 0x1B80,
	0xBB60, 0x84AA,
	0xBB62, 0xD533,
	0xBB64, 0x034A,
	0xBB66, 0x0097,
	0xBB68, 0xFC02,
	0xBB6A, 0x80E7,
	0xBB6C, 0xF660,
	0xBB6E, 0x85AA,
	0xBB70, 0x8526,
	0xBB72, 0x0097,
	0xBB74, 0xFC02,
	0xBB76, 0x80E7,
	0xBB78, 0x85E0,
	0xBB7A, 0x8A2A,
	0xBB7C, 0x5483,
	0xBB7E, 0x0384,
	0xBB80, 0x2097,
	0xBB82, 0xFC00,
	0xBB84, 0x80E7,
	0xBB86, 0xB220,
	0xBB88, 0x8B2A,
	0xBB8A, 0x2097,
	0xBB8C, 0xFC00,
	0xBB8E, 0x80E7,
	0xBB90, 0xB180,
	0xBB92, 0x7513,
	0xBB94, 0x0FF5,
	0xBB96, 0x0097,
	0xBB98, 0xFC02,
	0xBB9A, 0x80E7,
	0xBB9C, 0xE7C0,
	0xBB9E, 0xA583,
	0xBBA0, 0xF24D,
	0xBBA2, 0x0097,
	0xBBA4, 0xFC02,
	0xBBA6, 0x80E7,
	0xBBA8, 0x82E0,
	0xBBAA, 0x8AAA,
	0xBBAC, 0x5513,
	0xBBAE, 0x408B,
	0xBBB0, 0x0097,
	0xBBB2, 0xFC02,
	0xBBB4, 0x80E7,
	0xBBB6, 0xE620,
	0xBBB8, 0x85AA,
	0xBBBA, 0x8556,
	0xBBBC, 0xF097,
	0xBBBE, 0xFC01,
	0xBBC0, 0x80E7,
	0xBBC2, 0x1540,
	0xBBC4, 0x8AAA,
	0xBBC6, 0x5503,
	0xBBC8, 0x03A4,
	0xBBCA, 0x0097,
	0xBBCC, 0xFC02,
	0xBBCE, 0x80E7,
	0xBBD0, 0xF020,
	0xBBD2, 0x85AA,
	0xBBD4, 0x8B2A,
	0xBBD6, 0x8556,
	0xBBD8, 0x0097,
	0xBBDA, 0xFC02,
	0xBBDC, 0x80E7,
	0xBBDE, 0xA540,
	0xBBE0, 0x0593,
	0xBBE2, 0x0000,
	0xBBE4, 0x8C2A,
	0xBBE6, 0xF097,
	0xBBE8, 0xFC01,
	0xBBEA, 0x80E7,
	0xBBEC, 0x76E0,
	0xBBEE, 0x5663,
	0xBBF0, 0x0005,
	0xBBF2, 0x07B7,
	0xBBF4, 0x8000,
	0xBBF6, 0xCC33,
	0xBBF8, 0x0187,
	0xBBFA, 0x8556,
	0xBBFC, 0x0097,
	0xBBFE, 0xFC02,
	0xBC00, 0x80E7,
	0xBC02, 0xDC20,
	0xBC04, 0x0542,
	0xBC06, 0x8141,
	0xBC08, 0x0097,
	0xBC0A, 0xFC02,
	0xBC0C, 0x80E7,
	0xBC0E, 0xE0A0,
	0xBC10, 0x85DA,
	0xBC12, 0xDC93,
	0xBC14, 0x40C4,
	0xBC16, 0xF097,
	0xBC18, 0xFC01,
	0xBC1A, 0x80E7,
	0xBC1C, 0x66E0,
	0xBC1E, 0x04D2,
	0xBC20, 0x80D1,
	0xBC22, 0xCD37,
	0xBC24, 0x2400,
	0xBC26, 0xCBB7,
	0xBC28, 0x2400,
	0xBC2A, 0xE139,
	0xBC2C, 0x8526,
	0xBC2E, 0x0097,
	0xBC30, 0xFC02,
	0xBC32, 0x80E7,
	0xBC34, 0xDE40,
	0xBC36, 0x2583,
	0xBC38, 0xF28D,
	0xBC3A, 0xF097,
	0xBC3C, 0xFC01,
	0xBC3E, 0x80E7,
	0xBC40, 0x7960,
	0xBC42, 0x84AA,
	0xBC44, 0x8566,
	0xBC46, 0x0097,
	0xBC48, 0xFC02,
	0xBC4A, 0x80E7,
	0xBC4C, 0xDCC0,
	0xBC4E, 0x85AA,
	0xBC50, 0x8526,
	0xBC52, 0xF097,
	0xBC54, 0xFC01,
	0xBC56, 0x80E7,
	0xBC58, 0x0BE0,
	0xBC5A, 0x85D2,
	0xBC5C, 0xF097,
	0xBC5E, 0xFC01,
	0xBC60, 0x80E7,
	0xBC62, 0x3DE0,
	0xBC64, 0x85CE,
	0xBC66, 0xF097,
	0xBC68, 0xFC01,
	0xBC6A, 0x80E7,
	0xBC6C, 0x76A0,
	0xBC6E, 0xA0D5,
	0xBC70, 0x5503,
	0xBC72, 0x03C4,
	0xBC74, 0x0097,
	0xBC76, 0xFC02,
	0xBC78, 0x80E7,
	0xBC7A, 0xE580,
	0xBC7C, 0x85AA,
	0xBC7E, 0x8562,
	0xBC80, 0xF097,
	0xBC82, 0xFC01,
	0xBC84, 0x80E7,
	0xBC86, 0x3BA0,
	0xBC88, 0xA583,
	0xBC8A, 0xF2CB,
	0xBC8C, 0xF097,
	0xBC8E, 0xFC01,
	0xBC90, 0x80E7,
	0xBC92, 0x7440,
	0xBC94, 0x0097,
	0xBC96, 0xFC02,
	0xBC98, 0x80E7,
	0xBC9A, 0xD2A0,
	0xBC9C, 0x1793,
	0xBC9E, 0x0105,
	0xBCA0, 0x83C1,
	0xBCA2, 0x853E,
	0xBCA4, 0xC63E,
	0xBCA6, 0x6097,
	0xBCA8, 0xFC01,
	0xBCAA, 0x80E7,
	0xBCAC, 0xDC60,
	0xBCAE, 0x47B2,
	0xBCB0, 0x8C2A,
	0xBCB2, 0x5C13,
	0xBCB4, 0x008C,
	0xBCB6, 0x853E,
	0xBCB8, 0x6097,
	0xBCBA, 0xFC01,
	0xBCBC, 0x80E7,
	0xBCBE, 0xDB40,
	0xBCC0, 0x7513,
	0xBCC2, 0x0FF5,
	0xBCC4, 0x0097,
	0xBCC6, 0xFC02,
	0xBCC8, 0x80E7,
	0xBCCA, 0xD4E0,
	0xBCCC, 0xA583,
	0xBCCE, 0xF24D,
	0xBCD0, 0xF097,
	0xBCD2, 0xFC01,
	0xBCD4, 0x80E7,
	0xBCD6, 0x7000,
	0xBCD8, 0x8DAA,
	0xBCDA, 0x1513,
	0xBCDC, 0x010C,
	0xBCDE, 0x8141,
	0xBCE0, 0x0097,
	0xBCE2, 0xFC02,
	0xBCE4, 0x80E7,
	0xBCE6, 0xD320,
	0xBCE8, 0x85AA,
	0xBCEA, 0x856E,
	0xBCEC, 0xF097,
	0xBCEE, 0xFC01,
	0xBCF0, 0x80E7,
	0xBCF2, 0x0240,
	0xBCF4, 0x8C2A,
	0xBCF6, 0x85DA,
	0xBCF8, 0x8556,
	0xBCFA, 0xF097,
	0xBCFC, 0xFC01,
	0xBCFE, 0x80E7,
	0xBD00, 0x65A0,
	0xBD02, 0x5463,
	0xBD04, 0x0805,
	0xBD06, 0x8526,
	0xBD08, 0x0097,
	0xBD0A, 0xFC02,
	0xBD0C, 0x80E7,
	0xBD0E, 0xD0A0,
	0xBD10, 0x2583,
	0xBD12, 0xF28D,
	0xBD14, 0xF097,
	0xBD16, 0xFC01,
	0xBD18, 0x80E7,
	0xBD1A, 0x6BC0,
	0xBD1C, 0x84AA,
	0xBD1E, 0x8566,
	0xBD20, 0x0097,
	0xBD22, 0xFC02,
	0xBD24, 0x80E7,
	0xBD26, 0xCF20,
	0xBD28, 0x85AA,
	0xBD2A, 0x8526,
	0xBD2C, 0xF097,
	0xBD2E, 0xFC01,
	0xBD30, 0x80E7,
	0xBD32, 0xFE40,
	0xBD34, 0x85D2,
	0xBD36, 0xF097,
	0xBD38, 0xFC01,
	0xBD3A, 0x80E7,
	0xBD3C, 0x3040,
	0xBD3E, 0x85CE,
	0xBD40, 0xF097,
	0xBD42, 0xFC01,
	0xBD44, 0x80E7,
	0xBD46, 0x6900,
	0xBD48, 0x85E2,
	0xBD4A, 0xF097,
	0xBD4C, 0xFC01,
	0xBD4E, 0x80E7,
	0xBD50, 0x2F00,
	0xBD52, 0xA583,
	0xBD54, 0xF2CB,
	0xBD56, 0xF097,
	0xBD58, 0xFC01,
	0xBD5A, 0x80E7,
	0xBD5C, 0x67A0,
	0xBD5E, 0x0097,
	0xBD60, 0xFC02,
	0xBD62, 0x80E7,
	0xBD64, 0xC600,
	0xBD66, 0x0542,
	0xBD68, 0x5703,
	0xBD6A, 0x03E4,
	0xBD6C, 0x8141,
	0xBD6E, 0x8109,
	0xBD70, 0x6363,
	0xBD72, 0x00A7,
	0xBD74, 0x872A,
	0xBD76, 0x2783,
	0xBD78, 0x0009,
	0xBD7A, 0x97BA,
	0xBD7C, 0x2023,
	0xBD7E, 0x00F9,
	0xBD80, 0x0141,
	0xBD82, 0x0317,
	0xBD84, 0xFC02,
	0xBD86, 0x0067,
	0xBD88, 0xE1C3,
	0xBD8A, 0x8526,
	0xBD8C, 0x0097,
	0xBD8E, 0xFC02,
	0xBD90, 0x80E7,
	0xBD92, 0xC860,
	0xBD94, 0x2583,
	0xBD96, 0xF28D,
	0xBD98, 0xF097,
	0xBD9A, 0xFC01,
	0xBD9C, 0x80E7,
	0xBD9E, 0x6380,
	0xBDA0, 0x84AA,
	0xBDA2, 0x8566,
	0xBDA4, 0x0097,
	0xBDA6, 0xFC02,
	0xBDA8, 0x80E7,
	0xBDAA, 0xC6E0,
	0xBDAC, 0x85AA,
	0xBDAE, 0x8526,
	0xBDB0, 0xF097,
	0xBDB2, 0xFC01,
	0xBDB4, 0x80E7,
	0xBDB6, 0xF600,
	0xBDB8, 0x85D2,
	0xBDBA, 0xF097,
	0xBDBC, 0xFC01,
	0xBDBE, 0x80E7,
	0xBDC0, 0x2800,
	0xBDC2, 0x85CE,
	0xBDC4, 0xF097,
	0xBDC6, 0xFC01,
	0xBDC8, 0x80E7,
	0xBDCA, 0x60C0,
	0xBDCC, 0x85E2,
	0xBDCE, 0xBD61,
	0xBDD0, 0x8082,
	0xBDD2, 0x8082,
	0xBDD4, 0x0317,
	0xBDD6, 0xFC02,
	0xBDD8, 0x02E7,
	0xBDDA, 0xDA43,
	0xBDDC, 0xA437,
	0xBDDE, 0x2400,
	0xBDE0, 0x0613,
	0xBDE2, 0x0280,
	0xBDE4, 0x0513,
	0xBDE6, 0x4444,
	0xBDE8, 0x4581,
	0xBDEA, 0x6097,
	0xBDEC, 0xFC01,
	0xBDEE, 0x80E7,
	0xBDF0, 0x0B20,
	0xBDF2, 0xB7B7,
	0xBDF4, 0x2400,
	0xBDF6, 0x6737,
	0xBDF8, 0x2400,
	0xBDFA, 0x8793,
	0xBDFC, 0x60A7,
	0xBDFE, 0x2E23,
	0xBE00, 0x44F7,
	0xBE02, 0x64B7,
	0xBE04, 0x2400,
	0xBE06, 0xB737,
	0xBE08, 0x2400,
	0xBE0A, 0x8793,
	0xBE0C, 0x4B44,
	0xBE0E, 0x0713,
	0xBE10, 0x91C7,
	0xBE12, 0xC398,
	0xBE14, 0xB737,
	0xBE16, 0x2400,
	0xBE18, 0x0713,
	0xBE1A, 0xB767,
	0xBE1C, 0xD7D8,
	0xBE1E, 0x0713,
	0xBE20, 0x4444,
	0xBE22, 0x1423,
	0xBE24, 0x0007,
	0xBE26, 0xB737,
	0xBE28, 0x2400,
	0xBE2A, 0x0713,
	0xBE2C, 0xCCC7,
	0xBE2E, 0xC3D8,
	0xBE30, 0xA737,
	0xBE32, 0x2400,
	0xBE34, 0x0713,
	0xBE36, 0x62E7,
	0xBE38, 0xC798,
	0xBE3A, 0xB6B7,
	0xBE3C, 0x2400,
	0xBE3E, 0x6737,
	0xBE40, 0x2400,
	0xBE42, 0x0613,
	0xBE44, 0x3F87,
	0xBE46, 0x8693,
	0xBE48, 0xE5C6,
	0xBE4A, 0xDE54,
	0xBE4C, 0xB6B7,
	0xBE4E, 0x2400,
	0xBE50, 0x8693,
	0xBE52, 0xDEE6,
	0xBE54, 0xD394,
	0xBE56, 0x67B7,
	0xBE58, 0x2400,
	0xBE5A, 0xB6B7,
	0xBE5C, 0x2400,
	0xBE5E, 0x8793,
	0xBE60, 0x4F07,
	0xBE62, 0x8693,
	0xBE64, 0xF826,
	0xBE66, 0xCB94,
	0xBE68, 0xB6B7,
	0xBE6A, 0x2400,
	0xBE6C, 0x8693,
	0xBE6E, 0x3286,
	0xBE70, 0xC7D4,
	0xBE72, 0x67B7,
	0xBE74, 0x2400,
	0xBE76, 0xB6B7,
	0xBE78, 0x2400,
	0xBE7A, 0x8693,
	0xBE7C, 0x16C6,
	0xBE7E, 0x8613,
	0xBE80, 0x3DC7,
	0xBE82, 0xC254,
	0xBE84, 0x66B7,
	0xBE86, 0x2400,
	0xBE88, 0xD683,
	0xBE8A, 0x3646,
	0xBE8C, 0x8493,
	0xBE8E, 0x4B44,
	0xBE90, 0x0413,
	0xBE92, 0x4444,
	0xBE94, 0x0913,
	0xBE96, 0x3F87,
	0xBE98, 0x8993,
	0xBE9A, 0x3DC7,
	0xBE9C, 0xCE99,
	0xBE9E, 0x6519,
	0xBEA0, 0x0513,
	0xBEA2, 0x2125,
	0xBEA4, 0x4605,
	0xBEA6, 0x6585,
	0xBEA8, 0x6097,
	0xBEAA, 0xFC01,
	0xBEAC, 0x80E7,
	0xBEAE, 0xCDA0,
	0xBEB0, 0x4505,
	0xBEB2, 0x5097,
	0xBEB4, 0xFC01,
	0xBEB6, 0x80E7,
	0xBEB8, 0x1A60,
	0xBEBA, 0xB7B7,
	0xBEBC, 0x2400,
	0xBEBE, 0x8793,
	0xBEC0, 0x3F27,
	0xBEC2, 0xD49C,
	0xBEC4, 0xB7B7,
	0xBEC6, 0x2400,
	0xBEC8, 0x8793,
	0xBECA, 0x5927,
	0xBECC, 0xD89C,
	0xBECE, 0xA7B7,
	0xBED0, 0x2400,
	0xBED2, 0x8793,
	0xBED4, 0x7187,
	0xBED6, 0xC4DC,
	0xBED8, 0x4785,
	0xBEDA, 0x1E23,
	0xBEDC, 0x00F4,
	0xBEDE, 0xB7B7,
	0xBEE0, 0x2400,
	0xBEE2, 0x8793,
	0xBEE4, 0x7767,
	0xBEE6, 0xA823,
	0xBEE8, 0x00F9,
	0xBEEA, 0xC7B7,
	0xBEEC, 0x2400,
	0xBEEE, 0x8793,
	0xBEF0, 0x8787,
	0xBEF2, 0x1623,
	0xBEF4, 0x0004,
	0xBEF6, 0x2A23,
	0xBEF8, 0x02F9,
	0xBEFA, 0x0317,
	0xBEFC, 0xFC02,
	0xBEFE, 0x0067,
	0xBF00, 0xCB23,
	0xBF02, 0x0000,
	0xBF04, 0x0000,
	0xBF06, 0x0000,
	0xBF08, 0x0000,
	0xBF0A, 0x0000,
	0xBF0C, 0x0000,
	0xBF0E, 0x0000,
	0xBF10, 0x0000,
	0xBF12, 0x0000,
	0xBF14, 0x0000,
	0xBF16, 0x0000,
	0xBF18, 0x0000,
	0xBF1A, 0x0000,
	0xBF1C, 0x0000,
	0xBF1E, 0x0000,
	0xBF20, 0xBDD0,
	0xBF22, 0x2400,
	0xBF24, 0x0000,
	0xBF26, 0x3B80,
	0xBF28, 0x0000,
	0xBF2A, 0x3980,
	0xBF2C, 0x0000,
	0xBF2E, 0x4380,
	0xBFD0, 0x0317,
	0xBFD2, 0xFC02,
	0xBFD4, 0x02E7,
	0xBFD6, 0xBC23,
	0xBFD8, 0x1141,
	0xBFDA, 0xD097,
	0xBFDC, 0xFBFF,
	0xBFDE, 0x80E7,
	0xBFE0, 0x3100,
	0xBFE2, 0xC437,
	0xBFE4, 0x2400,
	0xBFE6, 0x0793,
	0xBFE8, 0xF304,
	0xBFEA, 0xD783,
	0xBFEC, 0x0227,
	0xBFEE, 0x0413,
	0xBFF0, 0xF304,
	0xBFF2, 0xC799,
	0xBFF4, 0x5603,
	0xBFF6, 0x0204,
	0xBFF8, 0x540C,
	0xBFFA, 0x5503,
	0xBFFC, 0x01E4,
	0xBFFE, 0x2CA5,
	0xC000, 0xC6B7,
	0xC002, 0x2400,
	0xC004, 0x0030,
	0xC006, 0x8693,
	0xC008, 0xF3E6,
	0xC00A, 0x0593,
	0xC00C, 0x0260,
	0xC00E, 0x0513,
	0xC010, 0x0200,
	0xC012, 0x1123,
	0xC014, 0x0204,
	0xC016, 0x2255,
	0xC018, 0x0028,
	0xC01A, 0x2811,
	0xC01C, 0x1097,
	0xC01E, 0xFC01,
	0xC020, 0x80E7,
	0xC022, 0x2060,
	0xC024, 0x0141,
	0xC026, 0x0317,
	0xC028, 0xFC02,
	0xC02A, 0x0067,
	0xC02C, 0xB903,
	0xC02E, 0x4703,
	0xC030, 0x0005,
	0xC032, 0x07B7,
	0xC034, 0x2400,
	0xC036, 0x8793,
	0xC038, 0x0007,
	0xC03A, 0x8309,
	0xC03C, 0x8123,
	0xC03E, 0x02E7,
	0xC040, 0x4703,
	0xC042, 0x0005,
	0xC044, 0x4683,
	0xC046, 0x0015,
	0xC048, 0x0712,
	0xC04A, 0x8291,
	0xC04C, 0x7713,
	0xC04E, 0x0307,
	0xC050, 0x9736,
	0xC052, 0x81A3,
	0xC054, 0x02E7,
	0xC056, 0x4703,
	0xC058, 0x0015,
	0xC05A, 0x4683,
	0xC05C, 0x0025,
	0xC05E, 0x070A,
	0xC060, 0x8299,
	0xC062, 0x7713,
	0xC064, 0x03C7,
	0xC066, 0x9736,
	0xC068, 0x8223,
	0xC06A, 0x02E7,
	0xC06C, 0x4703,
	0xC06E, 0x0025,
	0xC070, 0x7713,
	0xC072, 0x03F7,
	0xC074, 0x82A3,
	0xC076, 0x02E7,
	0xC078, 0x4703,
	0xC07A, 0x0035,
	0xC07C, 0x830D,
	0xC07E, 0x8323,
	0xC080, 0x02E7,
	0xC082, 0x4703,
	0xC084, 0x0035,
	0xC086, 0x4683,
	0xC088, 0x0045,
	0xC08A, 0x0716,
	0xC08C, 0x828D,
	0xC08E, 0x9736,
	0xC090, 0x83A3,
	0xC092, 0x02E7,
	0xC094, 0x4703,
	0xC096, 0x0045,
	0xC098, 0x4683,
	0xC09A, 0x0055,
	0xC09C, 0x0716,
	0xC09E, 0x828D,
	0xC0A0, 0x9736,
	0xC0A2, 0x8423,
	0xC0A4, 0x02E7,
	0xC0A6, 0x4703,
	0xC0A8, 0x0055,
	0xC0AA, 0x8B1D,
	0xC0AC, 0x84A3,
	0xC0AE, 0x02E7,
	0xC0B0, 0x8082,
	0xC0B2, 0x97B7,
	0xC0B4, 0x2400,
	0xC0B6, 0x8713,
	0xC0B8, 0xC407,
	0xC0BA, 0x5683,
	0xC0BC, 0x00E7,
	0xC0BE, 0x8737,
	0xC0C0, 0x4000,
	0xC0C2, 0x8793,
	0xC0C4, 0xC407,
	0xC0C6, 0x1123,
	0xC0C8, 0x32D7,
	0xC0CA, 0x5683,
	0xC0CC, 0x3227,
	0xC0CE, 0x0513,
	0xC0D0, 0x3227,
	0xC0D2, 0xFEE5,
	0xC0D4, 0x9693,
	0xC0D6, 0x0105,
	0xC0D8, 0x82C1,
	0xC0DA, 0x81C1,
	0xC0DC, 0x0642,
	0xC0DE, 0x1823,
	0xC0E0, 0x30D7,
	0xC0E2, 0x898D,
	0xC0E4, 0x8241,
	0xC0E6, 0x1C23,
	0xC0E8, 0x30B7,
	0xC0EA, 0x6693,
	0xC0EC, 0x0606,
	0xC0EE, 0x1723,
	0xC0F0, 0x30D7,
	0xC0F2, 0xD703,
	0xC0F4, 0x00E7,
	0xC0F6, 0x85B7,
	0xC0F8, 0x4000,
	0xC0FA, 0x1023,
	0xC0FC, 0x00E5,
	0xC0FE, 0xD803,
	0xC100, 0x3225,
	0xC102, 0x1EE3,
	0xC104, 0xFE08,
	0xC106, 0x9123,
	0xC108, 0x32E5,
	0xC10A, 0x8737,
	0xC10C, 0x4000,
	0xC10E, 0x5503,
	0xC110, 0x3227,
	0xC112, 0x0593,
	0xC114, 0x3227,
	0xC116, 0xFD65,
	0xC118, 0x6613,
	0xC11A, 0x0206,
	0xC11C, 0x1723,
	0xC11E, 0x30C7,
	0xC120, 0xD703,
	0xC122, 0x0107,
	0xC124, 0x9023,
	0xC126, 0x00E5,
	0xC128, 0x8737,
	0xC12A, 0x4000,
	0xC12C, 0x5583,
	0xC12E, 0x3227,
	0xC130, 0x0613,
	0xC132, 0x3227,
	0xC134, 0xFDE5,
	0xC136, 0x1723,
	0xC138, 0x30D7,
	0xC13A, 0xD703,
	0xC13C, 0x0587,
	0xC13E, 0x86B7,
	0xC140, 0x4000,
	0xC142, 0x1023,
	0xC144, 0x00E6,
	0xC146, 0xD583,
	0xC148, 0x3226,
	0xC14A, 0xFDF5,
	0xC14C, 0x9123,
	0xC14E, 0x32E6,
	0xC150, 0x8737,
	0xC152, 0x4000,
	0xC154, 0x5603,
	0xC156, 0x3227,
	0xC158, 0xFE75,
	0xC15A, 0x0613,
	0xC15C, 0x0600,
	0xC15E, 0x1723,
	0xC160, 0x30C7,
	0xC162, 0xD783,
	0xC164, 0x00E7,
	0xC166, 0x1123,
	0xC168, 0x32F7,
	0xC16A, 0x87B7,
	0xC16C, 0x4000,
	0xC16E, 0xD703,
	0xC170, 0x3227,
	0xC172, 0xFF75,
	0xC174, 0x9823,
	0xC176, 0x3007,
	0xC178, 0x9C23,
	0xC17A, 0x3007,
	0xC17C, 0x8082,
	0xC17E, 0x0317,
	0xC180, 0xFC02,
	0xC182, 0x02E7,
	0xC184, 0x9FA3,
	0xC186, 0x84AA,
	0xC188, 0x892E,
	0xC18A, 0x4401,
	0xC18C, 0x4609,
	0xC18E, 0x4991,
	0xC190, 0x4A05,
	0xC192, 0x1793,
	0xC194, 0x0014,
	0xC196, 0x97CA,
	0xC198, 0xD583,
	0xC19A, 0x0007,
	0xC19C, 0xC199,
	0xC19E, 0x8526,
	0xC1A0, 0x3F09,
	0xC1A2, 0x0405,
	0xC1A4, 0x1663,
	0xC1A6, 0x0134,
	0xC1A8, 0x0317,
	0xC1AA, 0xFC02,
	0xC1AC, 0x0067,
	0xC1AE, 0xA043,
	0xC1B0, 0x4609,
	0xC1B2, 0x00E3,
	0xC1B4, 0xFF44,
	0xC1B6, 0x4619,
	0xC1B8, 0xBFE9,
	0xC1BA, 0x0317,
	0xC1BC, 0xFC02,
	0xC1BE, 0x02E7,
	0xC1C0, 0x9B03,
	0xC1C2, 0x842A,
	0xC1C4, 0x4505,
	0xC1C6, 0x8A2E,
	0xC1C8, 0x89B2,
	0xC1CA, 0x8B36,
	0xC1CC, 0x6C11,
	0xC1CE, 0x4097,
	0xC1D0, 0xFC01,
	0xC1D2, 0x80E7,
	0xC1D4, 0xFD00,
	0xC1D6, 0x5913,
	0xC1D8, 0x00E4,
	0xC1DA, 0x7663,
	0xC1DC, 0x0584,
	0xC1DE, 0x7463,
	0xC1E0, 0x0544,
	0xC1E2, 0x854A,
	0xC1E4, 0x0493,
	0xC1E6, 0x0019,
	0xC1E8, 0x0097,
	0xC1EA, 0xFC01,
	0xC1EC, 0x80E7,
	0xC1EE, 0xD480,
	0xC1F0, 0x04BA,
	0xC1F2, 0x8AAA,
	0xC1F4, 0x7363,
	0xC1F6, 0x009A,
	0xC1F8, 0x84D2,
	0xC1FA, 0x85DA,
	0xC1FC, 0x854A,
	0xC1FE, 0x3741,
	0xC200, 0x8BB3,
	0xC202, 0x4084,
	0xC204, 0x864E,
	0xC206, 0x85A2,
	0xC208, 0x86DE,
	0xC20A, 0x854A,
	0xC20C, 0x0097,
	0xC20E, 0xFC01,
	0xC210, 0x80E7,
	0xC212, 0x1260,
	0xC214, 0x85D6,
	0xC216, 0x854A,
	0xC218, 0x99DE,
	0xC21A, 0x0097,
	0xC21C, 0xFC01,
	0xC21E, 0x80E7,
	0xC220, 0xD8C0,
	0xC222, 0x8426,
	0xC224, 0xBF4D,
	0xC226, 0x4501,
	0xC228, 0x4097,
	0xC22A, 0xFC01,
	0xC22C, 0x80E7,
	0xC22E, 0xF760,
	0xC230, 0x0317,
	0xC232, 0xFC02,
	0xC234, 0x0067,
	0xC236, 0x9723,
	0xC238, 0x0596,
	0xC23A, 0x8DA9,
	0xC23C, 0x1793,
	0xC23E, 0x0046,
	0xC240, 0x666D,
	0xC242, 0x8FAD,
	0xC244, 0x0613,
	0xC246, 0xF0F6,
	0xC248, 0x87B3,
	0xC24A, 0x02C7,
	0xC24C, 0x4505,
	0xC24E, 0x1533,
	0xC250, 0x00E5,
	0xC252, 0x670D,
	0xC254, 0x0713,
	0xC256, 0x0397,
	0xC258, 0x0542,
	0xC25A, 0x8541,
	0xC25C, 0x97BA,
	0xC25E, 0x87C1,
	0xC260, 0xEA81,
	0xC262, 0x4513,
	0xC264, 0xFFF5,
	0xC266, 0x8FE9,
	0xC268, 0x9513,
	0xC26A, 0x0107,
	0xC26C, 0x8141,
	0xC26E, 0x8082,
	0xC270, 0x8D5D,
	0xC272, 0x0542,
	0xC274, 0xBFE5,
	0xC276, 0x0317,
	0xC278, 0xFC02,
	0xC27A, 0x02E7,
	0xC27C, 0x8F43,
	0xC27E, 0xC437,
	0xC280, 0x2400,
	0xC282, 0x0793,
	0xC284, 0xF6C4,
	0xC286, 0x9E23,
	0xC288, 0x0007,
	0xC28A, 0x6791,
	0xC28C, 0x0413,
	0xC28E, 0xF6C4,
	0xC290, 0xE863,
	0xC292, 0x00A7,
	0xC294, 0x09B3,
	0xC296, 0x00C5,
	0xC298, 0x84AA,
	0xC29A, 0x8932,
	0xC29C, 0xFD63,
	0xC29E, 0x0137,
	0xC2A0, 0x4785,
	0xC2A2, 0x1C23,
	0xC2A4, 0x00F4,
	0xC2A6, 0x1E23,
	0xC2A8, 0x00F4,
	0xC2AA, 0x4901,
	0xC2AC, 0x854A,
	0xC2AE, 0x0317,
	0xC2B0, 0xFC02,
	0xC2B2, 0x0067,
	0xC2B4, 0x8F43,
	0xC2B6, 0x47B7,
	0xC2B8, 0x2400,
	0xC2BA, 0xD783,
	0xC2BC, 0x7CC7,
	0xC2BE, 0x8A2E,
	0xC2C0, 0xCB81,
	0xC2C2, 0x4581,
	0xC2C4, 0x8552,
	0xC2C6, 0x6097,
	0xC2C8, 0xFC01,
	0xC2CA, 0x80E7,
	0xC2CC, 0xBD60,
	0xC2CE, 0xBFF9,
	0xC2D0, 0x4505,
	0xC2D2, 0x4097,
	0xC2D4, 0xFC01,
	0xC2D6, 0x80E7,
	0xC2D8, 0xECC0,
	0xC2DA, 0xC6B7,
	0xC2DC, 0x2400,
	0xC2DE, 0x8693,
	0xC2E0, 0xF3E6,
	0xC2E2, 0x8652,
	0xC2E4, 0x85CE,
	0xC2E6, 0x8526,
	0xC2E8, 0x3DC9,
	0xC2EA, 0xC7B7,
	0xC2EC, 0x2400,
	0xC2EE, 0x8713,
	0xC2F0, 0xF307,
	0xC2F2, 0x5703,
	0xC2F4, 0x0247,
	0xC2F6, 0x8B93,
	0xC2F8, 0xF307,
	0xC2FA, 0xC701,
	0xC2FC, 0x5783,
	0xC2FE, 0x01A4,
	0xC300, 0xC3C5,
	0xC302, 0x07B7,
	0xC304, 0x2400,
	0xC306, 0x8793,
	0xC308, 0x0007,
	0xC30A, 0xD703,
	0xC30C, 0x02CB,
	0xC30E, 0xC603,
	0xC310, 0x0287,
	0xC312, 0xC583,
	0xC314, 0x0277,
	0xC316, 0x5683,
	0xC318, 0x01A4,
	0xC31A, 0xC503,
	0xC31C, 0x0267,
	0xC31E, 0x3F29,
	0xC320, 0x77F9,
	0xC322, 0x1023,
	0xC324, 0x02A4,
	0xC326, 0x9737,
	0xC328, 0x2400,
	0xC32A, 0x8793,
	0xC32C, 0xBCA7,
	0xC32E, 0x4501,
	0xC330, 0x1C23,
	0xC332, 0xBCF7,
	0xC334, 0x4097,
	0xC336, 0xFC01,
	0xC338, 0x80E7,
	0xC33A, 0xE6A0,
	0xC33C, 0xBF85,
	0xC33E, 0x8B13,
	0xC340, 0x0404,
	0xC342, 0x85CE,
	0xC344, 0x7363,
	0xC346, 0x013B,
	0xC348, 0x85DA,
	0xC34A, 0x0693,
	0xC34C, 0xF46C,
	0xC34E, 0x8613,
	0xC350, 0xF8EC,
	0xC352, 0x8526,
	0xC354, 0x8D33,
	0xC356, 0x4095,
	0xC358, 0x358D,
	0xC35A, 0x8722,
	0xC35C, 0x4781,
	0xC35E, 0x06B3,
	0xC360, 0x015A,
	0xC362, 0x9B63,
	0xC364, 0x01A7,
	0xC366, 0x5783,
	0xC368, 0x01A4,
	0xC36A, 0x8A93,
	0xC36C, 0x040A,
	0xC36E, 0xFBD1,
	0xC370, 0x84DA,
	0xC372, 0xE6E3,
	0xC374, 0xFD34,
	0xC376, 0xB771,
	0xC378, 0x8633,
	0xC37A, 0x00F6,
	0xC37C, 0x0705,
	0xC37E, 0x4583,
	0xC380, 0x0006,
	0xC382, 0x4603,
	0xC384, 0x0217,
	0xC386, 0x8B63,
	0xC388, 0x00C5,
	0xC38A, 0x4705,
	0xC38C, 0x97A6,
	0xC38E, 0x1C23,
	0xC390, 0x00E4,
	0xC392, 0x1D23,
	0xC394, 0x00E4,
	0xC396, 0x1F23,
	0xC398, 0x00F4,
	0xC39A, 0xB7A5,
	0xC39C, 0x0785,
	0xC39E, 0xB7D1,
	0xC3A0, 0x4A81,
	0xC3A2, 0xCC37,
	0xC3A4, 0x2400,
	0xC3A6, 0xCCB7,
	0xC3A8, 0x2400,
	0xC3AA, 0xB7E1,
	0xC3AC, 0xF317,
	0xC3AE, 0xFC01,
	0xC3B0, 0x02E7,
	0xC3B2, 0x7E63,
	0xC3B4, 0x87B7,
	0xC3B6, 0x2400,
	0xC3B8, 0x8793,
	0xC3BA, 0xDD07,
	0xC3BC, 0xD703,
	0xC3BE, 0x7107,
	0xC3C0, 0x1141,
	0xC3C2, 0x8637,
	0xC3C4, 0x2400,
	0xC3C6, 0xC63A,
	0xC3C8, 0xC703,
	0xC3CA, 0x73C7,
	0xC3CC, 0x87B7,
	0xC3CE, 0x2400,
	0xC3D0, 0x85B7,
	0xC3D2, 0x2400,
	0xC3D4, 0xA823,
	0xC3D6, 0xC2E7,
	0xC3D8, 0x67B7,
	0xC3DA, 0x2400,
	0xC3DC, 0x8793,
	0xC3DE, 0x3F87,
	0xC3E0, 0x5BDC,
	0xC3E2, 0x0068,
	0xC3E4, 0x0613,
	0xC3E6, 0x9086,
	0xC3E8, 0x8593,
	0xC3EA, 0xC305,
	0xC3EC, 0x9782,
	0xC3EE, 0x1097,
	0xC3F0, 0xFC00,
	0xC3F2, 0x80E7,
	0xC3F4, 0x12A0,
	0xC3F6, 0x0141,
	0xC3F8, 0xF317,
	0xC3FA, 0xFC01,
	0xC3FC, 0x0067,
	0xC3FE, 0x7BE3,
	0xC400, 0xF317,
	0xC402, 0xFC01,
	0xC404, 0x02E7,
	0xC406, 0x7783,
	0xC408, 0x77B7,
	0xC40A, 0x4000,
	0xC40C, 0xD783,
	0xC40E, 0x0487,
	0xC410, 0xC437,
	0xC412, 0x2400,
	0xC414, 0x9937,
	0xC416, 0x2400,
	0xC418, 0x94B7,
	0xC41A, 0x2400,
	0xC41C, 0x8BE1,
	0xC41E, 0x4741,
	0xC420, 0x1141,
	0xC422, 0x0413,
	0xC424, 0xF6C4,
	0xC426, 0x0913,
	0xC428, 0x2C09,
	0xC42A, 0x8493,
	0xC42C, 0x1F44,
	0xC42E, 0x8663,
	0xC430, 0x06E7,
	0xC432, 0x77B7,
	0xC434, 0x2400,
	0xC436, 0x8793,
	0xC438, 0xDD07,
	0xC43A, 0x4BAC,
	0xC43C, 0x4601,
	0xC43E, 0x89AA,
	0xC440, 0x4511,
	0xC442, 0xC62E,
	0xC444, 0x6097,
	0xC446, 0xFC01,
	0xC448, 0x80E7,
	0xC44A, 0x80E0,
	0xC44C, 0x854E,
	0xC44E, 0x7097,
	0xC450, 0xFC01,
	0xC452, 0x80E7,
	0xC454, 0xAE00,
	0xC456, 0x45B2,
	0xC458, 0x4605,
	0xC45A, 0x4511,
	0xC45C, 0x5097,
	0xC45E, 0xFC01,
	0xC460, 0x80E7,
	0xC462, 0x7F60,
	0xC464, 0x2783,
	0xC466, 0x0009,
	0xC468, 0xC01C,
	0xC46A, 0x2783,
	0xC46C, 0x0049,
	0xC46E, 0xC05C,
	0xC470, 0xC783,
	0xC472, 0x0D44,
	0xC474, 0x1423,
	0xC476, 0x00F4,
	0xC478, 0xC783,
	0xC47A, 0x0D54,
	0xC47C, 0x1523,
	0xC47E, 0x00F4,
	0xC480, 0xC783,
	0xC482, 0x0D64,
	0xC484, 0x1623,
	0xC486, 0x00F4,
	0xC488, 0xC783,
	0xC48A, 0x0D74,
	0xC48C, 0x1723,
	0xC48E, 0x00F4,
	0xC490, 0x0141,
	0xC492, 0xF317,
	0xC494, 0xFC01,
	0xC496, 0x0067,
	0xC498, 0x71A3,
	0xC49A, 0x401C,
	0xC49C, 0x2023,
	0xC49E, 0x00F9,
	0xC4A0, 0x405C,
	0xC4A2, 0x2223,
	0xC4A4, 0x00F9,
	0xC4A6, 0x5783,
	0xC4A8, 0x0084,
	0xC4AA, 0x8A23,
	0xC4AC, 0x0CF4,
	0xC4AE, 0x5783,
	0xC4B0, 0x00A4,
	0xC4B2, 0x8AA3,
	0xC4B4, 0x0CF4,
	0xC4B6, 0x5783,
	0xC4B8, 0x00C4,
	0xC4BA, 0x8B23,
	0xC4BC, 0x0CF4,
	0xC4BE, 0x5783,
	0xC4C0, 0x00E4,
	0xC4C2, 0x8BA3,
	0xC4C4, 0x0CF4,
	0xC4C6, 0xB7E9,
	0xC4C8, 0xF317,
	0xC4CA, 0xFC01,
	0xC4CC, 0x02E7,
	0xC4CE, 0x6B03,
	0xC4D0, 0x478D,
	0xC4D2, 0x842A,
	0xC4D4, 0x1B63,
	0xC4D6, 0x10F5,
	0xC4D8, 0x67B7,
	0xC4DA, 0x2400,
	0xC4DC, 0xD703,
	0xC4DE, 0x33C7,
	0xC4E0, 0x4789,
	0xC4E2, 0x1663,
	0xC4E4, 0x00F7,
	0xC4E6, 0x5097,
	0xC4E8, 0xFC01,
	0xC4EA, 0x80E7,
	0xC4EC, 0xBCC0,
	0xC4EE, 0x4799,
	0xC4F0, 0x1863,
	0xC4F2, 0x1CF4,
	0xC4F4, 0x67B7,
	0xC4F6, 0x2400,
	0xC4F8, 0xD703,
	0xC4FA, 0x33C7,
	0xC4FC, 0x4789,
	0xC4FE, 0x1163,
	0xC500, 0x1CF7,
	0xC502, 0xC7B7,
	0xC504, 0x2400,
	0xC506, 0xD783,
	0xC508, 0xF687,
	0xC50A, 0x8B63,
	0xC50C, 0x1A07,
	0xC50E, 0xA7B7,
	0xC510, 0x2400,
	0xC512, 0xC783,
	0xC514, 0xB5D7,
	0xC516, 0x9563,
	0xC518, 0x1A07,
	0xC51A, 0x97B7,
	0xC51C, 0x2400,
	0xC51E, 0x8793,
	0xC520, 0xDD07,
	0xC522, 0xA703,
	0xC524, 0xC747,
	0xC526, 0x0D63,
	0xC528, 0x1807,
	0xC52A, 0xA783,
	0xC52C, 0xC707,
	0xC52E, 0x8963,
	0xC530, 0x1807,
	0xC532, 0x67B7,
	0xC534, 0x4000,
	0xC536, 0xD403,
	0xC538, 0x26C7,
	0xC53A, 0x7413,
	0xC53C, 0x0FF4,
	0xC53E, 0xC019,
	0xC540, 0x9623,
	0xC542, 0x2607,
	0xC544, 0xC937,
	0xC546, 0x2400,
	0xC548, 0x7097,
	0xC54A, 0xFC01,
	0xC54C, 0x80E7,
	0xC54E, 0xBB20,
	0xC550, 0x0913,
	0xC552, 0xF6C9,
	0xC554, 0x2783,
	0xC556, 0x0149,
	0xC558, 0xA4B7,
	0xC55A, 0x2400,
	0xC55C, 0x8493,
	0xC55E, 0x9C04,
	0xC560, 0x953E,
	0xC562, 0x40DC,
	0xC564, 0x5263,
	0xC566, 0x16F5,
	0xC568, 0x69C1,
	0xC56A, 0x4605,
	0xC56C, 0x4585,
	0xC56E, 0x8513,
	0xC570, 0xF409,
	0xC572, 0x5097,
	0xC574, 0xFC01,
	0xC576, 0x80E7,
	0xC578, 0x6100,
	0xC57A, 0x6A19,
	0xC57C, 0x4605,
	0xC57E, 0x6585,
	0xC580, 0x0513,
	0xC582, 0x212A,
	0xC584, 0x5097,
	0xC586, 0xFC01,
	0xC588, 0x80E7,
	0xC58A, 0x5FE0,
	0xC58C, 0x653D,
	0xC58E, 0x4601,
	0xC590, 0x4589,
	0xC592, 0x0513,
	0xC594, 0x4005,
	0xC596, 0x5097,
	0xC598, 0xFC01,
	0xC59A, 0x80E7,
	0xC59C, 0x5EC0,
	0xC59E, 0x4601,
	0xC5A0, 0x6585,
	0xC5A2, 0x0513,
	0xC5A4, 0x212A,
	0xC5A6, 0x5097,
	0xC5A8, 0xFC01,
	0xC5AA, 0x80E7,
	0xC5AC, 0x5DC0,
	0xC5AE, 0x4585,
	0xC5B0, 0x8513,
	0xC5B2, 0xF409,
	0xC5B4, 0x4601,
	0xC5B6, 0x5097,
	0xC5B8, 0xFC01,
	0xC5BA, 0x80E7,
	0xC5BC, 0x5CC0,
	0xC5BE, 0x2583,
	0xC5C0, 0x0149,
	0xC5C2, 0x4799,
	0xC5C4, 0x40D8,
	0xC5C6, 0xD7B3,
	0xC5C8, 0x02F5,
	0xC5CA, 0x8513,
	0xC5CC, 0xF4A9,
	0xC5CE, 0x97BA,
	0xC5D0, 0x85B3,
	0xC5D2, 0x40B7,
	0xC5D4, 0x5097,
	0xC5D6, 0xFC01,
	0xC5D8, 0x80E7,
	0xC5DA, 0x6420,
	0xC5DC, 0xC075,
	0xC5DE, 0x67B7,
	0xC5E0, 0x4000,
	0xC5E2, 0x4705,
	0xC5E4, 0x9623,
	0xC5E6, 0x26E7,
	0xC5E8, 0xA8E1,
	0xC5EA, 0x4791,
	0xC5EC, 0x0863,
	0xC5EE, 0x08F5,
	0xC5F0, 0x4795,
	0xC5F2, 0x1063,
	0xC5F4, 0x0EF5,
	0xC5F6, 0x67B7,
	0xC5F8, 0x2400,
	0xC5FA, 0xD703,
	0xC5FC, 0x33C7,
	0xC5FE, 0x4789,
	0xC600, 0x1063,
	0xC602, 0x0CF7,
	0xC604, 0xC7B7,
	0xC606, 0x2400,
	0xC608, 0xD783,
	0xC60A, 0xF687,
	0xC60C, 0xCBD5,
	0xC60E, 0x67B7,
	0xC610, 0x4000,
	0xC612, 0xD483,
	0xC614, 0x26C7,
	0xC616, 0xF493,
	0xC618, 0x0FF4,
	0xC61A, 0xC099,
	0xC61C, 0x9623,
	0xC61E, 0x2607,
	0xC620, 0x6541,
	0xC622, 0x4605,
	0xC624, 0x4585,
	0xC626, 0x0513,
	0xC628, 0xF405,
	0xC62A, 0x5097,
	0xC62C, 0xFC01,
	0xC62E, 0x80E7,
	0xC630, 0x5580,
	0xC632, 0x4795,
	0xC634, 0x4605,
	0xC636, 0x0363,
	0xC638, 0x00F4,
	0xC63A, 0x4601,
	0xC63C, 0x653D,
	0xC63E, 0x45A9,
	0xC640, 0x0513,
	0xC642, 0x5CA5,
	0xC644, 0x5097,
	0xC646, 0xFC01,
	0xC648, 0x80E7,
	0xC64A, 0x53E0,
	0xC64C, 0x6941,
	0xC64E, 0x4585,
	0xC650, 0x0513,
	0xC652, 0xF409,
	0xC654, 0x4601,
	0xC656, 0x5097,
	0xC658, 0xFC01,
	0xC65A, 0x80E7,
	0xC65C, 0x52C0,
	0xC65E, 0x55FD,
	0xC660, 0x0513,
	0xC662, 0xF4A9,
	0xC664, 0x5097,
	0xC666, 0xFC01,
	0xC668, 0x80E7,
	0xC66A, 0x5B20,
	0xC66C, 0x81E3,
	0xC66E, 0xE804,
	0xC670, 0x67B7,
	0xC672, 0x4000,
	0xC674, 0x4705,
	0xC676, 0x9623,
	0xC678, 0x26E7,
	0xC67A, 0xBD95,
	0xC67C, 0x77B7,
	0xC67E, 0x2400,
	0xC680, 0xD483,
	0xC682, 0x5667,
	0xC684, 0x87B7,
	0xC686, 0x2400,
	0xC688, 0xC737,
	0xC68A, 0x2400,
	0xC68C, 0x8793,
	0xC68E, 0xDD07,
	0xC690, 0x5FFC,
	0xC692, 0x5503,
	0xC694, 0xF6A7,
	0xC696, 0x0613,
	0xC698, 0x3E80,
	0xC69A, 0x4681,
	0xC69C, 0x35B3,
	0xC69E, 0x02F5,
	0xC6A0, 0xC437,
	0xC6A2, 0x2400,
	0xC6A4, 0x0413,
	0xC6A6, 0xF6C4,
	0xC6A8, 0x0533,
	0xC6AA, 0x02F5,
	0xC6AC, 0xE097,
	0xC6AE, 0xFC01,
	0xC6B0, 0x80E7,
	0xC6B2, 0xD040,
	0xC6B4, 0x8793,
	0xC6B6, 0xFFF4,
	0xC6B8, 0x97AA,
	0xC6BA, 0xD7B3,
	0xC6BC, 0x0297,
	0xC6BE, 0xC85C,
	0xC6C0, 0xF317,
	0xC6C2, 0xFC01,
	0xC6C4, 0x0067,
	0xC6C6, 0x4EC3,
	0xC6C8, 0x6541,
	0xC6CA, 0x55FD,
	0xC6CC, 0x0513,
	0xC6CE, 0xF4A5,
	0xC6D0, 0xB711,
	0xC6D2, 0x479D,
	0xC6D4, 0x01E3,
	0xC6D6, 0xF2F5,
	0xC6D8, 0xBD19,
	0xC6DA, 0xF317,
	0xC6DC, 0xFC01,
	0xC6DE, 0x02E7,
	0xC6E0, 0x49E3,
	0xC6E2, 0x64B7,
	0xC6E4, 0x4000,
	0xC6E6, 0xD783,
	0xC6E8, 0x20C4,
	0xC6EA, 0x6905,
	0xC6EC, 0x0993,
	0xC6EE, 0x8009,
	0xC6F0, 0xF7B3,
	0xC6F2, 0x0137,
	0xC6F4, 0xEBA9,
	0xC6F6, 0xA7B7,
	0xC6F8, 0x2400,
	0xC6FA, 0x8793,
	0xC6FC, 0xA107,
	0xC6FE, 0x43F8,
	0xC700, 0x4785,
	0xC702, 0x0263,
	0xC704, 0x04F7,
	0xC706, 0x8097,
	0xC708, 0xFC01,
	0xC70A, 0x80E7,
	0xC70C, 0x4FC0,
	0xC70E, 0xED05,
	0xC710, 0xD783,
	0xC712, 0x20C4,
	0xC714, 0x0913,
	0xC716, 0xC009,
	0xC718, 0x9413,
	0xC71A, 0x0107,
	0xC71C, 0xE7B3,
	0xC71E, 0x0137,
	0xC720, 0x07C2,
	0xC722, 0x83C1,
	0xC724, 0x9623,
	0xC726, 0x20F4,
	0xC728, 0x8041,
	0xC72A, 0x27B7,
	0xC72C, 0x2400,
	0xC72E, 0xD503,
	0xC730, 0xC907,
	0xC732, 0x6433,
	0xC734, 0x0124,
	0xC736, 0x0442,
	0xC738, 0x8041,
	0xC73A, 0x5097,
	0xC73C, 0xFC01,
	0xC73E, 0x80E7,
	0xC740, 0xFB80,
	0xC742, 0x9623,
	0xC744, 0x2084,
	0xC746, 0xF317,
	0xC748, 0xFC01,
	0xC74A, 0x0067,
	0xC74C, 0x4663,
	0xC74E, 0x711D,
	0xC750, 0xCEA2,
	0xC752, 0xCCA6,
	0xC754, 0x2473,
	0xC756, 0x3420,
	0xC758, 0x24F3,
	0xC75A, 0x3410,
	0xC75C, 0x6073,
	0xC75E, 0x3004,
	0xC760, 0xDA32,
	0xC762, 0x661D,
	0xC764, 0xDE2A,
	0xC766, 0xDC2E,
	0xC768, 0x0613,
	0xC76A, 0x0F66,
	0xC76C, 0x0593,
	0xC76E, 0x0430,
	0xC770, 0x4545,
	0xC772, 0xC2A2,
	0xC774, 0xD43E,
	0xC776, 0xCA86,
	0xC778, 0xC896,
	0xC77A, 0xC69A,
	0xC77C, 0xC49E,
	0xC77E, 0xC0A6,
	0xC780, 0xD836,
	0xC782, 0xD63A,
	0xC784, 0xD242,
	0xC786, 0xD046,
	0xC788, 0xCE4A,
	0xC78A, 0xCC72,
	0xC78C, 0xCA76,
	0xC78E, 0xC87A,
	0xC790, 0xC67E,
	0xC792, 0x4097,
	0xC794, 0xFBFF,
	0xC796, 0x80E7,
	0xC798, 0xCD00,
	0xC79A, 0x7793,
	0xC79C, 0x0015,
	0xC79E, 0x842A,
	0xC7A0, 0xC395,
	0xC7A2, 0xA4B7,
	0xC7A4, 0x2400,
	0xC7A6, 0x8493,
	0xC7A8, 0xA104,
	0xC7AA, 0x4501,
	0xC7AC, 0x8CA3,
	0xC7AE, 0x1404,
	0xC7B0, 0x5097,
	0xC7B2, 0xFC01,
	0xC7B4, 0x80E7,
	0xC7B6, 0x8CE0,
	0xC7B8, 0xC783,
	0xC7BA, 0x1584,
	0xC7BC, 0x8B63,
	0xC7BE, 0x1207,
	0xC7C0, 0x8C23,
	0xC7C2, 0x1404,
	0xC7C4, 0x7793,
	0xC7C6, 0x0024,
	0xC7C8, 0xCF81,
	0xC7CA, 0xA7B7,
	0xC7CC, 0x2400,
	0xC7CE, 0xA703,
	0xC7D0, 0xB607,
	0xC7D2, 0x478D,
	0xC7D4, 0x1663,
	0xC7D6, 0x00F7,
	0xC7D8, 0x5097,
	0xC7DA, 0xFBFF,
	0xC7DC, 0x80E7,
	0xC7DE, 0x6CE0,
	0xC7E0, 0x7413,
	0xC7E2, 0x0404,
	0xC7E4, 0xC869,
	0xC7E6, 0x67B7,
	0xC7E8, 0x4000,
	0xC7EA, 0xD403,
	0xC7EC, 0x26C7,
	0xC7EE, 0x7413,
	0xC7F0, 0x0FF4,
	0xC7F2, 0xC019,
	0xC7F4, 0x9623,
	0xC7F6, 0x2607,
	0xC7F8, 0x64C1,
	0xC7FA, 0x4605,
	0xC7FC, 0x4585,
	0xC7FE, 0x8513,
	0xC800, 0xF404,
	0xC802, 0x5097,
	0xC804, 0xFC01,
	0xC806, 0x80E7,
	0xC808, 0x3800,
	0xC80A, 0x6919,
	0xC80C, 0x4605,
	0xC80E, 0x6585,
	0xC810, 0x0513,
	0xC812, 0x2129,
	0xC814, 0x5097,
	0xC816, 0xFC01,
	0xC818, 0x80E7,
	0xC81A, 0x36E0,
	0xC81C, 0x653D,
	0xC81E, 0x4605,
	0xC820, 0x4589,
	0xC822, 0x0513,
	0xC824, 0x4005,
	0xC826, 0x5097,
	0xC828, 0xFC01,
	0xC82A, 0x80E7,
	0xC82C, 0x35C0,
	0xC82E, 0x4601,
	0xC830, 0x6585,
	0xC832, 0x0513,
	0xC834, 0x2129,
	0xC836, 0x5097,
	0xC838, 0xFC01,
	0xC83A, 0x80E7,
	0xC83C, 0x34C0,
	0xC83E, 0x4601,
	0xC840, 0x4585,
	0xC842, 0x8513,
	0xC844, 0xF404,
	0xC846, 0x5097,
	0xC848, 0xFC01,
	0xC84A, 0x80E7,
	0xC84C, 0x33C0,
	0xC84E, 0xC411,
	0xC850, 0x67B7,
	0xC852, 0x4000,
	0xC854, 0x4705,
	0xC856, 0x9623,
	0xC858, 0x26E7,
	0xC85A, 0xD097,
	0xC85C, 0xFC01,
	0xC85E, 0x80E7,
	0xC860, 0x8FE0,
	0xC862, 0xA7B7,
	0xC864, 0x2400,
	0xC866, 0x8793,
	0xC868, 0xA107,
	0xC86A, 0x43F8,
	0xC86C, 0x4785,
	0xC86E, 0x0763,
	0xC870, 0x00F7,
	0xC872, 0x8097,
	0xC874, 0xFC01,
	0xC876, 0x80E7,
	0xC878, 0x3900,
	0xC87A, 0xCD69,
	0xC87C, 0x6505,
	0xC87E, 0x0513,
	0xC880, 0xB3A5,
	0xC882, 0xD097,
	0xC884, 0xFC01,
	0xC886, 0x80E7,
	0xC888, 0xA2C0,
	0xC88A, 0x2437,
	0xC88C, 0x2400,
	0xC88E, 0x0413,
	0xC890, 0xC904,
	0xC892, 0x4505,
	0xC894, 0x1C23,
	0xC896, 0x0A04,
	0xC898, 0x7097,
	0xC89A, 0xFC01,
	0xC89C, 0x80E7,
	0xC89E, 0xED60,
	0xC8A0, 0x5097,
	0xC8A2, 0xFC01,
	0xC8A4, 0x80E7,
	0xC8A6, 0x8120,
	0xC8A8, 0x4785,
	0xC8AA, 0x1C23,
	0xC8AC, 0x0AF4,
	0xC8AE, 0x97B7,
	0xC8B0, 0x2400,
	0xC8B2, 0x8923,
	0xC8B4, 0x9607,
	0xC8B6, 0x40D6,
	0xC8B8, 0x42C6,
	0xC8BA, 0x4336,
	0xC8BC, 0x43A6,
	0xC8BE, 0x4416,
	0xC8C0, 0x4486,
	0xC8C2, 0x5572,
	0xC8C4, 0x55E2,
	0xC8C6, 0x5652,
	0xC8C8, 0x56C2,
	0xC8CA, 0x5732,
	0xC8CC, 0x57A2,
	0xC8CE, 0x5812,
	0xC8D0, 0x5882,
	0xC8D2, 0x4972,
	0xC8D4, 0x4E62,
	0xC8D6, 0x4ED2,
	0xC8D8, 0x4F42,
	0xC8DA, 0x4FB2,
	0xC8DC, 0x7073,
	0xC8DE, 0x3004,
	0xC8E0, 0x9073,
	0xC8E2, 0x3414,
	0xC8E4, 0x1073,
	0xC8E6, 0x3424,
	0xC8E8, 0x4476,
	0xC8EA, 0x44E6,
	0xC8EC, 0x6125,
	0xC8EE, 0x0073,
	0xC8F0, 0x3020,
	0xC8F2, 0x8D23,
	0xC8F4, 0x1404,
	0xC8F6, 0xA483,
	0xC8F8, 0x1504,
	0xC8FA, 0x4791,
	0xC8FC, 0x9563,
	0xC8FE, 0x02F4,
	0xC900, 0x5097,
	0xC902, 0xFBFF,
	0xC904, 0x80E7,
	0xC906, 0x5780,
	0xC908, 0x67B7,
	0xC90A, 0x2400,
	0xC90C, 0xD703,
	0xC90E, 0x33C7,
	0xC910, 0x4789,
	0xC912, 0x19E3,
	0xC914, 0xEAF7,
	0xC916, 0xC7B7,
	0xC918, 0x2400,
	0xC91A, 0xD783,
	0xC91C, 0xF687,
	0xC91E, 0x83E3,
	0xC920, 0xEA07,
	0xC922, 0x3B65,
	0xC924, 0xB545,
	0xC926, 0x4789,
	0xC928, 0x9EE3,
	0xC92A, 0xE8F4,
	0xC92C, 0x5097,
	0xC92E, 0xFBFF,
	0xC930, 0x80E7,
	0xC932, 0x5B00,
	0xC934, 0x67B7,
	0xC936, 0x2400,
	0xC938, 0xD783,
	0xC93A, 0x33C7,
	0xC93C, 0x94E3,
	0xC93E, 0xE897,
	0xC940, 0x653D,
	0xC942, 0x4605,
	0xC944, 0x45A9,
	0xC946, 0x0513,
	0xC948, 0x5CA5,
	0xC94A, 0x5097,
	0xC94C, 0xFC01,
	0xC94E, 0x80E7,
	0xC950, 0x2380,
	0xC952, 0xBD8D,
	0xC954, 0x6505,
	0xC956, 0x0513,
	0xC958, 0xB3E5,
	0xC95A, 0xB725,
	0xC95C, 0xD6B7,
	0xC95E, 0x2400,
	0xC960, 0x17B7,
	0xC962, 0x2401,
	0xC964, 0x8693,
	0xC966, 0x9C06,
	0xC968, 0x9737,
	0xC96A, 0x2400,
	0xC96C, 0x8793,
	0xC96E, 0x7FC7,
	0xC970, 0x0713,
	0xC972, 0xDD07,
	0xC974, 0x8F95,
	0xC976, 0x1E23,
	0xC978, 0x96F7,
	0xC97A, 0xC7B7,
	0xC97C, 0x2400,
	0xC97E, 0x2C23,
	0xC980, 0x96D7,
	0xC982, 0x8793,
	0xC984, 0x4C87,
	0xC986, 0xC737,
	0xC988, 0x2400,
	0xC98A, 0x2023,
	0xC98C, 0xF2F7,
	0xC98E, 0xC7B7,
	0xC990, 0x2400,
	0xC992, 0x8793,
	0xC994, 0x3AC7,
	0xC996, 0x6737,
	0xC998, 0x2400,
	0xC99A, 0x2423,
	0xC99C, 0x46F7,
	0xC99E, 0xC5B7,
	0xC9A0, 0x2400,
	0xC9A2, 0x671D,
	0xC9A4, 0x0713,
	0xC9A6, 0x0F87,
	0xC9A8, 0x0693,
	0xC9AA, 0x03C0,
	0xC9AC, 0x4629,
	0xC9AE, 0x8593,
	0xC9B0, 0x74E5,
	0xC9B2, 0x4545,
	0xC9B4, 0x5317,
	0xC9B6, 0xFBFF,
	0xC9B8, 0x0067,
	0xC9BA, 0x3823,
	0xC9BC, 0x0000,
	0xC9BE, 0x0000,
	0xA240, 0x2001,
	0xA242, 0x5860,
	0xA244, 0x6400,
	0xA246, 0xAF64,
	0xA248, 0x2002,
	0xA24A, 0x39B8,
	0xA24C, 0x2400,
	0xA24E, 0xA4C4,
	0xA250, 0x2001,
	0xA252, 0xDB74,
	0xA254, 0x2400,
	0xA256, 0xAC68,
	0xA258, 0x2002,
	0xA25A, 0x37B6,
	0xA25C, 0x2400,
	0xA25E, 0xA782,
	0xA260, 0x2002,
	0xA262, 0x1484,
	0xA264, 0x2400,
	0xA266, 0xADAE,
	0xA268, 0x2002,
	0xA26A, 0x34D8,
	0xA26C, 0x6400,
	0xA26E, 0xB05E,
	0xA270, 0x2001,
	0xA272, 0x758E,
	0xA274, 0x2400,
	0xA276, 0xB0F2,
	0xA278, 0x2001,
	0xA27A, 0xAF82,
	0xA27C, 0x2400,
	0xA27E, 0xA528,
	0xA280, 0x2001,
	0xA282, 0xE7EC,
	0xA284, 0x6400,
	0xA286, 0xB47A,
	0xA288, 0x2002,
	0xA28A, 0x0296,
	0xA28C, 0x6400,
	0xA28E, 0xB52A,
	0xA290, 0x2000,
	0xA292, 0x5668,
	0xA294, 0x2400,
	0xA296, 0xB4D0,
	0xA298, 0x2000,
	0xA29A, 0xA4CE,
	0xA29C, 0x2400,
	0xA29E, 0xB622,
	0xA2A0, 0x2000,
	0xA2A2, 0xB596,
	0xA2A4, 0x2400,
	0xA2A6, 0xB670,
	0xA2A8, 0x2002,
	0xA2AA, 0x05AE,
	0xA2AC, 0x6400,
	0xA2AE, 0xB706,
	0xA2B0, 0x2002,
	0xA2B2, 0x0A9C,
	0xA2B4, 0x6400,
	0xA2B6, 0xB742,
	0xA2B8, 0x2001,
	0xA2BA, 0x1A28,
	0xA2BC, 0x2400,
	0xA2BE, 0xAEBA,
	0xA2C0, 0x2001,
	0xA2C2, 0x2014,
	0xA2C4, 0x2400,
	0xA2C6, 0xB964,
	0xA2C8, 0x2002,
	0xA2CA, 0x45AC,
	0xA2CC, 0x6400,
	0xA2CE, 0xB9F2,
	0xA2D0, 0x2000,
	0xA2D2, 0xD090,
	0xA2D4, 0x2400,
	0xA2D6, 0xBA58,
	0xA2D8, 0x2002,
	0xA2DA, 0x2F2E,
	0xA2DC, 0x2400,
	0xA2DE, 0xC400,
	0xA2E0, 0x2001,
	0xA2E2, 0xCC1E,
	0xA2E4, 0x2400,
	0xA2E6, 0xC276,
	0xA2E8, 0x0000,
	0xA2EA, 0x0000,
	0xA2EC, 0x0000,
	0xA2EE, 0x0000,
	0xA400, 0xBDD4,
	0xA402, 0x2400,
	0xA404, 0xC95C,
	0xA406, 0x2400,
	0xA408, 0xBDD2,
	0xA40A, 0x2400,
	0xA40C, 0xBDD2,
	0xA40E, 0x2400,
	0xA410, 0xBDD2,
	0xA412, 0x2400,
	0xA414, 0xBDD2,
	0xA416, 0x2400,
	0xA418, 0x0064,
	0xA41A, 0x0000,
	0xA41C, 0x0000,
	0xA41E, 0x000A,
	0xA420, 0x0000,
	0xA422, 0x0001,
	0xA424, 0x40D0,
	0xA426, 0x0800,
	0xA428, 0x86A0,
	0xA42A, 0x0001,
	0xA42C, 0x0002,
	0xA42E, 0x1D4C,
	0xA430, 0x0001,
	0xA432, 0x0000,
	0xA434, 0x0200,
	0xA436, 0x03E8,
	0xA438, 0x0000,
	0xA43A, 0x0000,
	0xA43C, 0x0006,
	0xA43E, 0x0080,
	0xA440, 0x0000,
	0xA444, 0x0000,
	0xA448, 0x0000,
	0xA44A, 0x0000,
	0xA44C, 0x0000,
	0xA44E, 0x0000,
	0xA450, 0x0000,
	0xA452, 0x0000,
	0xA454, 0x0000,
	0xA458, 0x0000,
	0xA45A, 0x0000,
	0xA45C, 0x0000,
	0xA45E, 0x0000,
	0xA460, 0x0000,
	0xA462, 0x0000,
	0xA464, 0x0000,
	0xA466, 0x0000,
	0xA468, 0x0000,
	0xA46A, 0x0000,
	0xBF30, 0xCAFE,
	0xBF32, 0x0000,
	0xBF34, 0xC0DE,
	0xBF36, 0x0000,
	0xBF38, 0x0000,
	0xBF3A, 0x0000,
	0xBF3C, 0x0000,
	0xBF3E, 0x0000,
	0xBF40, 0x0121,
	0xBF42, 0x0000,
	0xBF44, 0x0000,
	0xBF46, 0x0000,
	0xBF48, 0x0112,
	0xBF4A, 0x0000,
	0xBF4C, 0x0000,
	0xBF4E, 0x0000,
	0xBF50, 0x4000,
	0xBF52, 0x0000,
	0xBF54, 0x0000,
	0xBF58, 0xD400,
	0xBF5A, 0x2400,
	0xBF5C, 0x0007,
	0xBF60, 0xBFD0,
	0xBF62, 0x2400,
	0xBF64, 0x7DB8,
	0xBF66, 0x2400,
	0xBF68, 0x0001,
	0xBF6A, 0x0BB8,
	0xBF6C, 0x0000,
	0xBF6E, 0x0000,
	0xBF70, 0x0000,
	0xBF72, 0x0000,
	0xBF74, 0x0000,
	0xBF76, 0x0000,
	0xBF78, 0x0000,
	0xBF7A, 0x0000,
	0xBF7C, 0x0000,
	0xBF80, 0x0000,
	0xBF82, 0x0000,
	0xBF84, 0x0000,
	0xBF86, 0x0000,
	0xBF88, 0x0000,
	0xBF8A, 0x0000,
	0xBF8C, 0x0000,
	0xBF8E, 0x0000,
	0xBF90, 0x0000,
	0xBF92, 0x0000,
	0xBF94, 0x0000,
	0xBF96, 0x0000,
	0xBF98, 0x0000,
	0xBF9A, 0x0000,
	0xBF9C, 0x0000,
	0xBF9E, 0x0000,
	0xBFA0, 0x0000,
	0xBFA2, 0x0000,
	0xBFA4, 0x0000,
	0xBFA6, 0x0000,
	0xBFA8, 0x0000,
	0xBFAA, 0x0000,
	0xBFAC, 0x0000,
	0xBFAE, 0x0000,
	0xBFB0, 0x0000,
	0xBFB2, 0x0000,
	0xBFB4, 0x0000,
	0xBFB6, 0x0000,
	0xBFB8, 0x0000,
	0xBFBA, 0x0000,
	0xBFBC, 0x0000,
	0xBFBE, 0x0000,
	0xBFC0, 0x0000,
	0xBFC2, 0x0000,
	0xBFC4, 0x0000,
	0xBFC6, 0x0000,
	0xBFC8, 0x0000,
	0xBFCA, 0x0000,
	0xBFCC, 0x0000,
	0xFCFC, 0x2400,
	0xBF52, 0x0001,
	0xFCFC, 0x4000,
	0x7002, 0x0008,
};

static u16 lycheef4tele_sensor_init_setting2[] = {
	0xFCFC, 0x2400,
	0xA200, 0x2317,
	0xA202, 0xFC02,
	0xA204, 0x02E7,
	0xA206, 0x9923,
	0xA208, 0xF097,
	0xA20A, 0xFBFF,
	0xA20C, 0x80E7,
	0xA20E, 0x0E20,
	0x4078, 0x0000,
	0x47CE, 0x0001,
	0x1CF4, 0x0000,
	0xFCFC, 0x4000,
	0x0304, 0x0002,
	0x0306, 0x0061,
	0x030C, 0x0000,
	0x0136, 0x1800,
	0x013E, 0x0000,
	0xFCFC, 0x2400,
	0x1E6E, 0x0001,
	0x1E70, 0x0001,
	0x1E72, 0x0001,
	0x1E7C, 0x001E,
	0xFCFC, 0x4000,
	0x1130, 0x4442,
	0x1132, 0x0000,
	0x10F4, 0x4140,
	0x10F6, 0x0000,
	0x10F8, 0x41D8,
	0x10FA, 0x0000,
	0xFCFC, 0x2400,
	0x1ED6, 0x0000,
	0x1D4E, 0x03E8,
	0x1EC6, 0x0000,
	0x1DCC, 0x1388,
	0x1CF2, 0x0000,
	0x2838, 0x1388,
	0x40C6, 0x0123,
	0x633C, 0x0002,
	0x283A, 0x1388,
	0xFCFC, 0x4000,
	0x0108, 0x0000,
	0xFCFC, 0x2400,
	0x5984, 0x0000,
	0x5986, 0x0000,
	0x48FC, 0x0040,
	0x48FE, 0x0080,
	0x4900, 0x00C0,
	0x4902, 0x0100,
	0x4904, 0x0200,
	0x6344, 0x0001,
	0x5F08, 0x86A0,
	0x5F0A, 0x0001,
	0x5F14, 0x0000,
	0x5F16, 0x0000,
	0x5F0C, 0x0000,
	0x5F0E, 0x0000,
	0x5F30, 0x00F0,
	0x5F32, 0x00F0,
	0x5F34, 0x0064,
	0x5F36, 0x0064,
	0x287E, 0x0001,
	0x28B2, 0x0000,
	0x60A0, 0x0800,
	0x60C8, 0x0800,
	0x60F0, 0x0800,
	0xFCFC, 0x4000,
	0x0B08, 0x0000,
	0xFCFC, 0x2400,
	0x4C90, 0x0001,
	0x4CD0, 0x0001,
	0x1F50, 0x0400,
};

/*4sum12.5Mp_30FPS_4096x3072*/
static u16 lycheef4tele_preview_capture_setting[] = {
// 05_OceanLyChee_KN1_Fdsum_4096x3072_30fps_2496Msps
// Mode :	05_OceanLyChee_KN1_Fdsum
// Purpose :	Porting
// PHY	DPHY
// QPDC	QPDC_Off
// DBPC	DBPC_Off
// Qmosaic	QMSC_Off
// Tail :	On (L/R only)	4096x768
// 24	MHz
// 776	MHz
// 2496	Mbps/lane
// 4	lane
// 8224	px
// 6176	px
// 4096	px
// 3072	px
// 30.01	fps
// Raw10
// 4696	px
// 600	px
// 5508	line
// 2436	line
// 17.35	ms
// Gr	First
// Address	Data (Hex)	Data (Dec)
	0xFCFC, 0x4000,
	0x0136, 0x1800,
	0x013E, 0x0000,
	0x0304, 0x0002,
	0x0306, 0x0061,
	0x030C, 0x0000,
	0x0302, 0x0001,
	0x0300, 0x0006,
	0x030E, 0x0003,
	0x0310, 0x009C,
	0x0322, 0x0000,
	0x0312, 0x0000,
	0x030A, 0x0001,
	0x0308, 0x0008,
	0x0344, 0x0000,
	0x0348, 0x201F,
	0x0346, 0x0000,
	0x034A, 0x181F,
	0x034C, 0x1000,
	0x034E, 0x0C00,
	0x0350, 0x0008,
	0x0352, 0x0008,
	0x0340, 0x1584,
	0x0342, 0x1258,
	0x0702, 0x0000,
	0x0202, 0x0006,
	0x0900, 0x2222,
	0x0380, 0x0002,
	0x0382, 0x0002,
	0x0384, 0x0002,
	0x0386, 0x0002,
	0x040C, 0x0000,
	0x0400, 0x1010,
	0x0408, 0x1010,
	0x040A, 0x1010,
	0x0110, 0x0002,
	0x0112, 0x0A0A,
	0x0114, 0x0301,
	0x0116, 0x3000,
	0x0118, 0x0000,
	0x011A, 0x0001,
	0x011C, 0x0100,
	0x0D00, 0x0100,
	0x0D02, 0x0101,
	0x0D04, 0x0102,
	0xFCFC, 0x2400,
	0x1CA2, 0x0040,
	0x1CB2, 0x0000,
	0x1CB8, 0x0001,
	0x1CD4, 0x0000,
	0x1D48, 0x0000,
	0x1DB2, 0x1388,
	0x1DEE, 0x0001,
	0x1E18, 0x0001,
	0x1E7E, 0x0022,
	0x1FE4, 0x0000,
	0x1FEC, 0x0001,
	0x23C4, 0x0001,
	0x23CE, 0x0001,
	0x23D8, 0x007F,
	0x23E2, 0x0080,
	0x2448, 0x056E,
	0x244A, 0x03D6,
	0x244C, 0xF458,
	0x24D8, 0x0001,
	0x24E2, 0x0001,
	0x24EC, 0x0040,
	0x24EE, 0x0080,
	0x24F0, 0x0100,
	0x24F2, 0x0200,
	0x24F4, 0x0400,
	0x24F6, 0x0900,
	0x2532, 0xF454,
	0x2534, 0x1239,
	0x2536, 0x2939,
	0x2538, 0x1339,
	0x253A, 0x2B39,
	0x253C, 0x3339,
	0x253E, 0x3839,
	0x2544, 0xF5C0,
	0x2546, 0x1B1B,
	0x2548, 0x1E1E,
	0x254A, 0x2020,
	0x254C, 0x3F3F,
	0x254E, 0x3F3F,
	0x2550, 0x3F3F,
	0x2556, 0x9932,
	0x2558, 0x002A,
	0x255A, 0x002A,
	0x255C, 0x002A,
	0x255E, 0x0038,
	0x2560, 0x0038,
	0x2562, 0x0050,
	0x283C, 0x0002,
	0x284C, 0x0001,
	0x2874, 0x000B,
	0x28A8, 0x0003,
	0x28AA, 0x0001,
	0x28AC, 0x000C,
	0x28AE, 0x000A,
	0x28C6, 0x0001,
	0x28F4, 0x0002,
	0x291E, 0x0007,
	0x2932, 0x0000,
	0x2948, 0x0001,
	0x294A, 0x0008,
	0x294C, 0x0008,
	0x2950, 0x0040,
	0x2952, 0x003E,
	0x2954, 0x003E,
	0x2958, 0x0004,
	0x295A, 0x0005,
	0x295C, 0x0005,
	0x2960, 0x0001,
	0x2962, 0x0005,
	0x2964, 0x0005,
	0x2968, 0x0013,
	0x296A, 0x0010,
	0x296C, 0x0010,
	0x2970, 0x0020,
	0x2972, 0x0040,
	0x2974, 0x0040,
	0x2978, 0x0013,
	0x297A, 0x0010,
	0x297C, 0x0010,
	0x2980, 0x0020,
	0x2982, 0x0040,
	0x2984, 0x0040,
	0x2988, 0x0001,
	0x298A, 0x000B,
	0x298C, 0x000B,
	0x2994, 0x0054,
	0x2998, 0x0005,
	0x299A, 0x000F,
	0x299C, 0x000F,
	0x29A0, 0x0026,
	0x29A2, 0x0044,
	0x29A4, 0x0044,
	0x29A8, 0x0009,
	0x29AA, 0x0008,
	0x29AC, 0x0008,
	0x29B0, 0x0032,
	0x29B2, 0x0044,
	0x29B4, 0x0044,
	0x29B8, 0x000A,
	0x29BA, 0x0003,
	0x29BC, 0x0003,
	0x29C0, 0x0001,
	0x29C2, 0x0003,
	0x29C4, 0x0003,
	0x29D8, 0x0014,
	0x29DA, 0x0004,
	0x29DC, 0x0004,
	0x29E0, 0xFFF9,
	0x29E2, 0x0004,
	0x29E4, 0x0004,
	0x29E8, 0x0023,
	0x29EA, 0x0029,
	0x29EC, 0x0029,
	0x29F4, 0x003C,
	0x29F8, 0x0015,
	0x29FA, 0x000B,
	0x29FC, 0x000B,
	0x2A04, 0x0054,
	0x2A10, 0x0014,
	0x2A12, 0x0015,
	0x2A14, 0x0015,
	0x2A18, 0x00B1,
	0x2A1A, 0x009C,
	0x2A1C, 0x009C,
	0x2A20, 0x0002,
	0x2A22, 0x0002,
	0x2A24, 0x0002,
	0x2A28, 0x0002,
	0x2A2A, 0x0002,
	0x2A2C, 0x0002,
	0x2A30, 0x008D,
	0x2A32, 0x0092,
	0x2A34, 0x0092,
	0x2A38, 0x0003,
	0x2A3A, 0x0002,
	0x2A3C, 0x0002,
	0x2A40, 0x0001,
	0x2A42, 0x0002,
	0x2A44, 0x0002,
	0x2A90, 0x0001,
	0x2A92, 0x0008,
	0x2A94, 0x0008,
	0x2A98, 0x004C,
	0x2A9A, 0x0044,
	0x2A9C, 0x0044,
	0x2A9E, 0x0044,
	0x2AA0, 0x000B,
	0x2AA2, 0x0003,
	0x2AA4, 0x0003,
	0x2AA8, 0x000A,
	0x2AAA, 0x0003,
	0x2AAC, 0x0003,
	0x2B38, 0x0001,
	0x2B3A, 0x0009,
	0x2B3C, 0x0009,
	0x2B48, 0x0012,
	0x2B4A, 0x0009,
	0x2B4C, 0x0009,
	0x2BBA, 0x0014,
	0x2BBC, 0x0014,
	0x2BC2, 0x0036,
	0x2BC4, 0x0036,
	0x2D88, 0x0029,
	0x2D8A, 0x003B,
	0x2D8C, 0x003B,
	0x2D90, 0x000B,
	0x2D92, 0x0002,
	0x2D94, 0x0002,
	0x2D98, 0x006E,
	0x2D9A, 0x008E,
	0x2D9C, 0x008E,
	0x2DA2, 0x00AC,
	0x2DA4, 0x00AC,
	0x2DA8, 0x00D5,
	0x2DAA, 0x00EA,
	0x2DAC, 0x00EA,
	0x2DB2, 0x00EA,
	0x2DB4, 0x00EA,
	0x2DB8, 0x001D,
	0x2DBA, 0x0003,
	0x2DBC, 0x0003,
	0x2DC2, 0x0003,
	0x2DCA, 0x0006,
	0x2DD2, 0x0010,
	0x2DDA, 0x0010,
	0x2DF2, 0x0001,
	0x2DF8, 0x0001,
	0x2DFA, 0x0001,
	0x2DFC, 0x0001,
	0x2E02, 0x0001,
	0x2E12, 0x000A,
	0x2E18, 0x0081,
	0x2E1A, 0x00A1,
	0x2E1C, 0x00A1,
	0x2E22, 0x0042,
	0x2E2A, 0x00B1,
	0x2E38, 0x001A,
	0x2E3A, 0x0000,
	0x4050, 0x0496,
	0x4052, 0x07D0,
	0x4054, 0x0708,
	0x4056, 0x03FC,
	0x4076, 0x0000,
	0x40A4, 0x0624,
	0x40A6, 0x0009,
	0x40B4, 0x0000,
	0x40C4, 0x0000,
	0x40D2, 0xFFFF,
	0x40EC, 0xCCCC,
	0x40EE, 0xCCCC,
	0x40F6, 0x1640,
	0x40F8, 0xBF3F,
	0x40FE, 0x011F,
	0x4102, 0x1334,
	0x4118, 0x0820,
	0x4120, 0x0820,
	0x412C, 0x0001,
	0x4136, 0x0002,
	0x413A, 0x0000,
	0x413C, 0x0000,
	0x4174, 0x0051,
	0x4176, 0x0051,
	0x4178, 0x0051,
	0x417A, 0x0051,
	0x417C, 0x0051,
	0x417E, 0x0000,
	0x4180, 0x0000,
	0x4182, 0x0000,
	0x4184, 0x0000,
	0x4186, 0x0000,
	0x4188, 0x0051,
	0x418A, 0x0051,
	0x418C, 0x0051,
	0x418E, 0x0051,
	0x4190, 0x0051,
	0x4192, 0x0000,
	0x4194, 0x0000,
	0x4196, 0x0000,
	0x4198, 0x0000,
	0x419A, 0x0000,
	0x419C, 0x0000,
	0x419E, 0x0000,
	0x41A0, 0x0000,
	0x41A2, 0x0000,
	0x41A4, 0x0000,
	0x41A6, 0x0051,
	0x41A8, 0x0051,
	0x41AA, 0x0051,
	0x41AC, 0x0051,
	0x41AE, 0x0051,
	0x4200, 0x0050,
	0x4202, 0x0050,
	0x4204, 0x0050,
	0x4206, 0x0050,
	0x4208, 0x0050,
	0x420A, 0x0050,
	0x420C, 0x0050,
	0x420E, 0x0050,
	0x4210, 0x0050,
	0x4212, 0x0050,
	0x4278, 0x00F0,
	0x427A, 0x00F0,
	0x427C, 0x00F0,
	0x427E, 0x00F0,
	0x4280, 0x00F0,
	0x4282, 0x00F0,
	0x4284, 0x00F0,
	0x4286, 0x00F0,
	0x4288, 0x00F0,
	0x428A, 0x00F0,
	0x4494, 0x6661,
	0x4496, 0x0276,
	0x4498, 0x0820,
	0x449A, 0x201B,
	0x449C, 0x0000,
	0x44B4, 0x0000,
	0x44EA, 0x0000,
	0x44EC, 0x0001,
	0x4522, 0x0000,
	0x4532, 0xC6C0,
	0x4534, 0x39C2,
	0x4536, 0xC6D0,
	0x4538, 0x39D2,
	0x453A, 0xC9E0,
	0x453C, 0x36E2,
	0x453E, 0xC9F0,
	0x4540, 0x36F2,
	0x4572, 0xC6C0,
	0x4574, 0x39C2,
	0x4576, 0xC6C8,
	0x4578, 0x39CA,
	0x457A, 0xC6D0,
	0x457C, 0x39D2,
	0x457E, 0xC6D8,
	0x4580, 0x39DA,
	0x4582, 0xC9E0,
	0x4584, 0x36E2,
	0x4586, 0xC9E8,
	0x4588, 0x36EA,
	0x458A, 0xC9F0,
	0x458C, 0x36F2,
	0x458E, 0xC9F8,
	0x4590, 0x36FA,
	0x45E8, 0x0000,
	0x45EA, 0x0000,
	0x45EC, 0x00FF,
	0x4606, 0x0000,
	0x4642, 0x0022,
	0x464A, 0x0000,
	0x465C, 0x0004,
	0x465E, 0x0000,
	0x4666, 0x00C3,
	0x4668, 0x001E,
	0x466A, 0x001E,
	0x466C, 0x0000,
	0x466E, 0x0055,
	0x4670, 0x002C,
	0x4672, 0x002C,
	0x4674, 0x0000,
	0x4686, 0x0000,
	0x468A, 0x6540,
	0x468E, 0x087F,
	0x4698, 0x0025,
	0x46A0, 0x0001,
	0x4774, 0x0000,
	0x48A2, 0x000E,
	0x4BA4, 0x0000,
	0x4BA6, 0x0100,
	0x4BF8, 0x003C,
	0x4DBE, 0x0001,
	0x4E2A, 0x0000,
	0x540A, 0x0001,
	0x5420, 0x0000,
	0x5422, 0x0000,
	0x5424, 0x0000,
	0x5426, 0x0000,
	0x5428, 0x0000,
	0x542A, 0x0000,
	0x542C, 0x0000,
	0x542E, 0x0000,
	0x5430, 0x0000,
	0x5432, 0x0000,
	0x5434, 0x0000,
	0x5436, 0x0000,
	0x5438, 0x0000,
	0x543A, 0x0000,
	0x543C, 0x0000,
	0x543E, 0x0000,
	0x5440, 0x0004,
	0x5442, 0x0000,
	0x5444, 0x0004,
	0x5446, 0x0000,
	0x5448, 0x0000,
	0x544A, 0x0000,
	0x544C, 0x0000,
	0x544E, 0x0000,
	0x5450, 0x0003,
	0x5452, 0x0000,
	0x5454, 0x0004,
	0x5456, 0x0000,
	0x5458, 0x0000,
	0x545A, 0x0000,
	0x545C, 0x0000,
	0x545E, 0x0000,
	0x54B8, 0x0180,
	0x54BA, 0x0400,
	0x54BC, 0x0FF3,
	0x54BE, 0x0FF3,
	0x54C0, 0x0402,
	0x54C2, 0x4000,
	0x54C4, 0x0FD7,
	0x54C6, 0x0FD7,
	0x54E0, 0x0180,
	0x54E2, 0x0400,
	0x54E4, 0x0FEB,
	0x54E6, 0x0FEB,
	0x54E8, 0x0402,
	0x54EA, 0x4000,
	0x54EC, 0x0FD0,
	0x54EE, 0x0FD0,
	0x5508, 0x0180,
	0x550A, 0x0400,
	0x550C, 0x0FEB,
	0x550E, 0x0FEB,
	0x5510, 0x0402,
	0x5512, 0x4000,
	0x5514, 0x0FD0,
	0x5516, 0x0FD0,
	0x5530, 0x0180,
	0x5532, 0x0400,
	0x5534, 0x0FF3,
	0x5536, 0x0FF3,
	0x5538, 0x0402,
	0x553A, 0x4000,
	0x553C, 0x0FD7,
	0x553E, 0x0FD7,
	0x556A, 0x0001,
	0x55CE, 0x0002,
	0x5714, 0x0000,
	0x5718, 0x0000,
	0x571A, 0x0000,
	0x571C, 0x0000,
	0x59EA, 0x0001,
	0x5A32, 0x0000,
	0x5AF4, 0x000D,
	0x5AF6, 0x000D,
	0x5D00, 0x0000,
	0x5D30, 0x0002,
	0x5D3E, 0x0028,
	0x5D40, 0x001E,
	0x5D52, 0x0000,
	0x5D54, 0x0000,
	0x5D68, 0x0008,
	0x5D6A, 0x0005,
	0x5EB0, 0x0000,
	0x5EB2, 0x0004,
	0x5EB8, 0x0000,
	0x5EBE, 0xFFFF,
	0x5EC0, 0xFFFF,
	0x5EDA, 0xFFFF,
	0x5EDC, 0xFFFF,
	0x5EE2, 0x0002,
	0x5EE4, 0x0001,
	0x5EE6, 0x0001,
	0x5EEC, 0x0028,
	0x5EEE, 0x001E,
	0x5EF0, 0x0001,
	0x5EF2, 0x0001,
	0x5EF4, 0x0000,
	0x5EF6, 0x0000,
	0x5EF8, 0x0010,
	0x5EFA, 0x0010,
	0x5F22, 0x00C8,
	0x5F24, 0x0A8C,
	0x61E4, 0x0001,
	0x62F0, 0x0BBE,
	0x62FC, 0x0BBA,
	0x6312, 0x0500,
	0x6314, 0x0006,
	0x633A, 0x0000,
	0xA420, 0x0001,
	0xA432, 0x0001,
	0xA434, 0x0800,
	0xA436, 0x03E8,
	0xA438, 0x1C00,
	0xA43A, 0x0042,
	0xA43C, 0x0006,
	0xA43E, 0x0080,
	0xA440, 0x0000,
	0xFCFC, 0x4000,
	0x0086, 0x0800,
	0x0710, 0x0001,
	0x080E, 0x0000,
	0x0936, 0x0000,
	//vyscn	start
	0x0A70, 0x0001,
	0x0A72, 0x0100,
	//vyscn	end
	0x0B06, 0x0101,
	0x0BC0, 0x0040,
	0x0C40, 0x0000,
};

static u16 lycheef4tele_normal_video_setting[] = {
// Complete	6
// 241224
// 09_OceanLyChee_KN1_Fdsum_4096x2304_30fps_2496Msps
// Mode :	09_OceanLyChee_KN1_Fdsum
// Purpose :	Porting
// PHY	DPHY
// QPDC	QPDC_Off
// DBPC	DBPC_Off
// Qmosaic	QMSC_Off
// Tail :	On (L/R only)	4096x2304
// 24	MHz
// 776	MHz
// 2496	Mbps/lane
// 4	lane
// 8224	px
// 4640	px
// 4096	px
// 2304	px
// 30.01	fps
// Raw10
// 6000	px
// 1904	px
// 4311	line
// 2007	line
// 18.31	ms
// Gr	First
// Address	Data (Hex)	Data (Dec)
	0xFCFC, 0x4000,
	0x0136, 0x1800,
	0x013E, 0x0000,
	0x0304, 0x0002,
	0x0306, 0x0061,
	0x030C, 0x0000,
	0x0302, 0x0001,
	0x0300, 0x0006,
	0x030E, 0x0003,
	0x0310, 0x009C,
	0x0322, 0x0000,
	0x0312, 0x0000,
	0x030A, 0x0001,
	0x0308, 0x0008,
	0x0344, 0x0000,
	0x0348, 0x201F,
	0x0346, 0x0300,
	0x034A, 0x151F,
	0x034C, 0x1000,
	0x034E, 0x0900,
	0x0350, 0x0008,
	0x0352, 0x0008,
	0x0340, 0x10D7,
	0x0342, 0x1770,
	0x0702, 0x0000,
	0x0202, 0x0006,
	0x0900, 0x2222,
	0x0380, 0x0002,
	0x0382, 0x0002,
	0x0384, 0x0002,
	0x0386, 0x0002,
	0x040C, 0x0000,
	0x0400, 0x1010,
	0x0408, 0x1010,
	0x040A, 0x1010,
	0x0110, 0x0002,
	0x0112, 0x0A0A,
	0x0114, 0x0301,
	0x0116, 0x3000,
	0x0118, 0x0000,
	0x011A, 0x0001,
	0x011C, 0x0100,
	0x0D00, 0x0100,
	0x0D02, 0x0101,
	0x0D04, 0x0102,
	0xFCFC, 0x2400,
	0x1CA2, 0x0040,
	0x1CB2, 0x0000,
	0x1CB8, 0x0001,
	0x1CD4, 0x0000,
	0x1D48, 0x0000,
	0x1DB2, 0x1388,
	0x1DEE, 0x0001,
	0x1E18, 0x0001,
	0x1E7E, 0x0022,
	0x1FE4, 0x0000,
	0x1FEC, 0x0001,
	0x23C4, 0x0001,
	0x23CE, 0x0001,
	0x23D8, 0x007F,
	0x23E2, 0x0080,
	0x2448, 0x03FE,
	0x244A, 0x05C2,
	0x244C, 0xF458,
	0x24D8, 0x0001,
	0x24E2, 0x0001,
	0x24EC, 0x0040,
	0x24EE, 0x0080,
	0x24F0, 0x0100,
	0x24F2, 0x0200,
	0x24F4, 0x0400,
	0x24F6, 0x0900,
	0x2532, 0xF454,
	0x2534, 0x1339,
	0x2536, 0x2A39,
	0x2538, 0x1439,
	0x253A, 0x2B39,
	0x253C, 0x3539,
	0x253E, 0x3A39,
	0x2544, 0xF5C0,
	0x2546, 0x1B1B,
	0x2548, 0x1E1E,
	0x254A, 0x2020,
	0x254C, 0x3F3F,
	0x254E, 0x3F3F,
	0x2550, 0x3F3F,
	0x2556, 0x9932,
	0x2558, 0x002A,
	0x255A, 0x002A,
	0x255C, 0x002A,
	0x255E, 0x0038,
	0x2560, 0x0038,
	0x2562, 0x0050,
	0x283C, 0x0002,
	0x284C, 0x0001,
	0x2874, 0x000B,
	0x28A8, 0x0003,
	0x28AA, 0x0001,
	0x28AC, 0x000C,
	0x28AE, 0x000A,
	0x28C6, 0x0001,
	0x28F4, 0x0002,
	0x291E, 0x0007,
	0x2932, 0x0000,
	0x2948, 0x0001,
	0x294A, 0x0008,
	0x294C, 0x0008,
	0x2950, 0x0040,
	0x2952, 0x003E,
	0x2954, 0x003E,
	0x2958, 0x0004,
	0x295A, 0x0005,
	0x295C, 0x0005,
	0x2960, 0x0001,
	0x2962, 0x0005,
	0x2964, 0x0005,
	0x2968, 0x0013,
	0x296A, 0x0010,
	0x296C, 0x0010,
	0x2970, 0x0020,
	0x2972, 0x0040,
	0x2974, 0x0040,
	0x2978, 0x0013,
	0x297A, 0x0010,
	0x297C, 0x0010,
	0x2980, 0x0020,
	0x2982, 0x0040,
	0x2984, 0x0040,
	0x2988, 0x0001,
	0x298A, 0x000B,
	0x298C, 0x000B,
	0x2994, 0x0054,
	0x2998, 0x0005,
	0x299A, 0x000F,
	0x299C, 0x000F,
	0x29A0, 0x0026,
	0x29A2, 0x0044,
	0x29A4, 0x0044,
	0x29A8, 0x0009,
	0x29AA, 0x0008,
	0x29AC, 0x0008,
	0x29B0, 0x0032,
	0x29B2, 0x0044,
	0x29B4, 0x0044,
	0x29B8, 0x000A,
	0x29BA, 0x0003,
	0x29BC, 0x0003,
	0x29C0, 0x0001,
	0x29C2, 0x0003,
	0x29C4, 0x0003,
	0x29D8, 0x0014,
	0x29DA, 0x0004,
	0x29DC, 0x0004,
	0x29E0, 0xFFF9,
	0x29E2, 0x0004,
	0x29E4, 0x0004,
	0x29E8, 0x0023,
	0x29EA, 0x0029,
	0x29EC, 0x0029,
	0x29F4, 0x003C,
	0x29F8, 0x0015,
	0x29FA, 0x000B,
	0x29FC, 0x000B,
	0x2A04, 0x0054,
	0x2A10, 0x0014,
	0x2A12, 0x0015,
	0x2A14, 0x0015,
	0x2A18, 0x00B1,
	0x2A1A, 0x009C,
	0x2A1C, 0x009C,
	0x2A20, 0x0002,
	0x2A22, 0x0002,
	0x2A24, 0x0002,
	0x2A28, 0x0002,
	0x2A2A, 0x0002,
	0x2A2C, 0x0002,
	0x2A30, 0x008D,
	0x2A32, 0x0092,
	0x2A34, 0x0092,
	0x2A38, 0x0003,
	0x2A3A, 0x0002,
	0x2A3C, 0x0002,
	0x2A40, 0x0001,
	0x2A42, 0x0002,
	0x2A44, 0x0002,
	0x2A90, 0x0001,
	0x2A92, 0x0008,
	0x2A94, 0x0008,
	0x2A98, 0x004C,
	0x2A9A, 0x0044,
	0x2A9C, 0x0044,
	0x2A9E, 0x0044,
	0x2AA0, 0x000B,
	0x2AA2, 0x0003,
	0x2AA4, 0x0003,
	0x2AA8, 0x000A,
	0x2AAA, 0x0003,
	0x2AAC, 0x0003,
	0x2B38, 0x0001,
	0x2B3A, 0x0009,
	0x2B3C, 0x0009,
	0x2B48, 0x0012,
	0x2B4A, 0x0009,
	0x2B4C, 0x0009,
	0x2BBA, 0x0014,
	0x2BBC, 0x0014,
	0x2BC2, 0x0036,
	0x2BC4, 0x0036,
	0x2D88, 0x0029,
	0x2D8A, 0x003B,
	0x2D8C, 0x003B,
	0x2D90, 0x000B,
	0x2D92, 0x0002,
	0x2D94, 0x0002,
	0x2D98, 0x006E,
	0x2D9A, 0x008E,
	0x2D9C, 0x008E,
	0x2DA2, 0x00AC,
	0x2DA4, 0x00AC,
	0x2DA8, 0x00D5,
	0x2DAA, 0x00EA,
	0x2DAC, 0x00EA,
	0x2DB2, 0x00EA,
	0x2DB4, 0x00EA,
	0x2DB8, 0x001D,
	0x2DBA, 0x0003,
	0x2DBC, 0x0003,
	0x2DC2, 0x0003,
	0x2DCA, 0x0006,
	0x2DD2, 0x0010,
	0x2DDA, 0x0010,
	0x2DF2, 0x0001,
	0x2DF8, 0x0001,
	0x2DFA, 0x0001,
	0x2DFC, 0x0001,
	0x2E02, 0x0001,
	0x2E12, 0x000A,
	0x2E18, 0x0081,
	0x2E1A, 0x00A1,
	0x2E1C, 0x00A1,
	0x2E22, 0x0042,
	0x2E2A, 0x00B1,
	0x2E38, 0x001A,
	0x2E3A, 0x0000,
	0x4050, 0x0496,
	0x4052, 0x07D0,
	0x4054, 0x0708,
	0x4056, 0x03FC,
	0x4076, 0x0000,
	0x40A4, 0x0624,
	0x40A6, 0x0009,
	0x40B4, 0x0000,
	0x40C4, 0x0000,
	0x40D2, 0xFFFF,
	0x40EC, 0xCCCC,
	0x40EE, 0xCCCC,
	0x40F6, 0x1640,
	0x40F8, 0xBF3F,
	0x40FE, 0x011F,
	0x4102, 0x1334,
	0x4118, 0x0820,
	0x4120, 0x0820,
	0x412C, 0x0001,
	0x4136, 0x0002,
	0x413A, 0x0000,
	0x413C, 0x0000,
	0x4174, 0x0051,
	0x4176, 0x0051,
	0x4178, 0x0051,
	0x417A, 0x0051,
	0x417C, 0x0051,
	0x417E, 0x0000,
	0x4180, 0x0000,
	0x4182, 0x0000,
	0x4184, 0x0000,
	0x4186, 0x0000,
	0x4188, 0x0051,
	0x418A, 0x0051,
	0x418C, 0x0051,
	0x418E, 0x0051,
	0x4190, 0x0051,
	0x4192, 0x0000,
	0x4194, 0x0000,
	0x4196, 0x0000,
	0x4198, 0x0000,
	0x419A, 0x0000,
	0x419C, 0x0000,
	0x419E, 0x0000,
	0x41A0, 0x0000,
	0x41A2, 0x0000,
	0x41A4, 0x0000,
	0x41A6, 0x0051,
	0x41A8, 0x0051,
	0x41AA, 0x0051,
	0x41AC, 0x0051,
	0x41AE, 0x0051,
	0x4200, 0x0050,
	0x4202, 0x0050,
	0x4204, 0x0050,
	0x4206, 0x0050,
	0x4208, 0x0050,
	0x420A, 0x0050,
	0x420C, 0x0050,
	0x420E, 0x0050,
	0x4210, 0x0050,
	0x4212, 0x0050,
	0x4278, 0x00F0,
	0x427A, 0x00F0,
	0x427C, 0x00F0,
	0x427E, 0x00F0,
	0x4280, 0x00F0,
	0x4282, 0x00F0,
	0x4284, 0x00F0,
	0x4286, 0x00F0,
	0x4288, 0x00F0,
	0x428A, 0x00F0,
	0x4494, 0x6661,
	0x4496, 0x0276,
	0x4498, 0x0820,
	0x449A, 0x201B,
	0x449C, 0x0000,
	0x44B4, 0x0000,
	0x44EA, 0x0000,
	0x44EC, 0x0001,
	0x4522, 0x0000,
	0x4532, 0xC6C0,
	0x4534, 0x39C2,
	0x4536, 0xC6D0,
	0x4538, 0x39D2,
	0x453A, 0xC9E0,
	0x453C, 0x36E2,
	0x453E, 0xC9F0,
	0x4540, 0x36F2,
	0x4572, 0xC6C0,
	0x4574, 0x39C2,
	0x4576, 0xC6C8,
	0x4578, 0x39CA,
	0x457A, 0xC6D0,
	0x457C, 0x39D2,
	0x457E, 0xC6D8,
	0x4580, 0x39DA,
	0x4582, 0xC9E0,
	0x4584, 0x36E2,
	0x4586, 0xC9E8,
	0x4588, 0x36EA,
	0x458A, 0xC9F0,
	0x458C, 0x36F2,
	0x458E, 0xC9F8,
	0x4590, 0x36FA,
	0x45E8, 0x0000,
	0x45EA, 0x0000,
	0x45EC, 0x00FF,
	0x4606, 0x0000,
	0x4642, 0x0022,
	0x464A, 0x0000,
	0x465C, 0x0004,
	0x465E, 0x0000,
	0x4666, 0x00C3,
	0x4668, 0x001E,
	0x466A, 0x001E,
	0x466C, 0x0000,
	0x466E, 0x0055,
	0x4670, 0x002C,
	0x4672, 0x002C,
	0x4674, 0x0000,
	0x4686, 0x0000,
	0x468A, 0x6540,
	0x468E, 0x087F,
	0x4698, 0x0025,
	0x46A0, 0x0001,
	0x4774, 0x0000,
	0x48A2, 0x000E,
	0x4BA4, 0x0000,
	0x4BA6, 0x0100,
	0x4BF8, 0x003C,
	0x4DBE, 0x0001,
	0x4E2A, 0x0000,
	0x540A, 0x0001,
	0x5420, 0x0000,
	0x5422, 0x0000,
	0x5424, 0x0000,
	0x5426, 0x0000,
	0x5428, 0x0000,
	0x542A, 0x0000,
	0x542C, 0x0000,
	0x542E, 0x0000,
	0x5430, 0x0000,
	0x5432, 0x0000,
	0x5434, 0x0000,
	0x5436, 0x0000,
	0x5438, 0x0000,
	0x543A, 0x0000,
	0x543C, 0x0000,
	0x543E, 0x0000,
	0x5440, 0x0004,
	0x5442, 0x0000,
	0x5444, 0x0004,
	0x5446, 0x0000,
	0x5448, 0x0000,
	0x544A, 0x0000,
	0x544C, 0x0000,
	0x544E, 0x0000,
	0x5450, 0x0003,
	0x5452, 0x0000,
	0x5454, 0x0004,
	0x5456, 0x0000,
	0x5458, 0x0000,
	0x545A, 0x0000,
	0x545C, 0x0000,
	0x545E, 0x0000,
	0x54B8, 0x0180,
	0x54BA, 0x0400,
	0x54BC, 0x0FF3,
	0x54BE, 0x0FF3,
	0x54C0, 0x0402,
	0x54C2, 0x4000,
	0x54C4, 0x0FD7,
	0x54C6, 0x0FD7,
	0x54E0, 0x0180,
	0x54E2, 0x0400,
	0x54E4, 0x0FEB,
	0x54E6, 0x0FEB,
	0x54E8, 0x0402,
	0x54EA, 0x4000,
	0x54EC, 0x0FD0,
	0x54EE, 0x0FD0,
	0x5508, 0x0180,
	0x550A, 0x0400,
	0x550C, 0x0FEB,
	0x550E, 0x0FEB,
	0x5510, 0x0402,
	0x5512, 0x4000,
	0x5514, 0x0FD0,
	0x5516, 0x0FD0,
	0x5530, 0x0180,
	0x5532, 0x0400,
	0x5534, 0x0FF3,
	0x5536, 0x0FF3,
	0x5538, 0x0402,
	0x553A, 0x4000,
	0x553C, 0x0FD7,
	0x553E, 0x0FD7,
	0x556A, 0x0001,
	0x55CE, 0x0002,
	0x5714, 0x0000,
	0x5718, 0x0000,
	0x571A, 0x0000,
	0x571C, 0x0000,
	0x59EA, 0x0001,
	0x5A32, 0x0000,
	0x5AF4, 0x000D,
	0x5AF6, 0x000D,
	0x5D00, 0x0000,
	0x5D30, 0x0002,
	0x5D3E, 0x0028,
	0x5D40, 0x001E,
	0x5D52, 0x0000,
	0x5D54, 0x0000,
	0x5D68, 0x0008,
	0x5D6A, 0x0005,
	0x5EB0, 0x0000,
	0x5EB2, 0x0004,
	0x5EB8, 0x0000,
	0x5EBE, 0xFFFF,
	0x5EC0, 0xFFFF,
	0x5EDA, 0xFFFF,
	0x5EDC, 0xFFFF,
	0x5EE2, 0x0002,
	0x5EE4, 0x0001,
	0x5EE6, 0x0001,
	0x5EEC, 0x0028,
	0x5EEE, 0x001E,
	0x5EF0, 0x0001,
	0x5EF2, 0x0001,
	0x5EF4, 0x0000,
	0x5EF6, 0x0000,
	0x5EF8, 0x0010,
	0x5EFA, 0x0010,
	0x5F22, 0x00C8,
	0x5F24, 0x0A8C,
	0x61E4, 0x0001,
	0x62F0, 0x0BBE,
	0x62FC, 0x0BBA,
	0x6312, 0x0500,
	0x6314, 0x0006,
	0x633A, 0x0000,
	0xA420, 0x0001,
	0xA432, 0x0001,
	0xA434, 0x0800,
	0xA436, 0x03E8,
	0xA438, 0x1C00,
	0xA43A, 0x0042,
	0xA43C, 0x0006,
	0xA43E, 0x0080,
	0xA440, 0x0000,
	0xFCFC, 0x4000,
	0x0086, 0x0800,
	0x0710, 0x0001,
	0x080E, 0x0000,
	0x0936, 0x0000,
	0x0B06, 0x0101,
	0x0BC0, 0x0040,
	0x0C40, 0x0000,
};

/*4sum4k_60FPS_4096x2304*/
static u16 lycheef4tele_hs_video_setting[] = {
//Complete	7
//241224
//09_OceanLyChee_KN1_Fdsum_4096x2304_60fps_2496Msps
//Mode :	09_OceanLyChee_KN1_Fdsum
//Purpose :	Evaluation
//PHY	DPHY
//QPDC	QPDC_Off
//DBPC	DBPC_Off
//Qmosaic	QMSC_Off
//Tail :	On (L/R only)	4096x2304
//24	MHz
//776	MHz
//2496	Mbps/lane
//4	lane
//8224	px
//4640	px
//4096	px
//2304	px
//60.05	fps
//Raw10
//5416	px
//1320	px
//2386	line
//82	line
//4.68	ms
//Gr	First
//Address	Data (Hex)	Data (Dec)
	0xFCFC, 0x4000,
	0x0136, 0x1800,
	0x013E, 0x0000,
	0x0304, 0x0002,
	0x0306, 0x0061,
	0x030C, 0x0000,
	0x0302, 0x0001,
	0x0300, 0x0006,
	0x030E, 0x0003,
	0x0310, 0x009C,
	0x0322, 0x0000,
	0x0312, 0x0000,
	0x030A, 0x0001,
	0x0308, 0x0008,
	0x0344, 0x0000,
	0x0348, 0x201F,
	0x0346, 0x0300,
	0x034A, 0x151F,
	0x034C, 0x1000,
	0x034E, 0x0900,
	0x0350, 0x0008,
	0x0352, 0x0008,
	0x0340, 0x0952,
	0x0342, 0x1528,
	0x0702, 0x0000,
	0x0202, 0x0006,
	0x0900, 0x2222,
	0x0380, 0x0002,
	0x0382, 0x0002,
	0x0384, 0x0002,
	0x0386, 0x0002,
	0x040C, 0x0000,
	0x0400, 0x1010,
	0x0408, 0x1010,
	0x040A, 0x1010,
	0x0110, 0x0002,
	0x0112, 0x0A0A,
	0x0114, 0x0301,
	0x0116, 0x3000,
	0x0118, 0x0000,
	0x011A, 0x0001,
	0x011C, 0x0100,
	0x0D00, 0x0100,
	0x0D02, 0x0101,
	0x0D04, 0x0102,
	0xFCFC, 0x2400,
	0x1CA2, 0x0040,
	0x1CB2, 0x0000,
	0x1CB8, 0x0001,
	0x1CD4, 0x0000,
	0x1D48, 0x0000,
	0x1DB2, 0x1388,
	0x1DEE, 0x0001,
	0x1E18, 0x0001,
	0x1E7E, 0x0022,
	0x1FE4, 0x0000,
	0x1FEC, 0x0001,
	0x23C4, 0x0001,
	0x23CE, 0x0001,
	0x23D8, 0x007F,
	0x23E2, 0x0080,
	0x2448, 0x03FE,
	0x244A, 0x05C2,
	0x244C, 0xF458,
	0x24D8, 0x0001,
	0x24E2, 0x0001,
	0x24EC, 0x0040,
	0x24EE, 0x0080,
	0x24F0, 0x0100,
	0x24F2, 0x0200,
	0x24F4, 0x0400,
	0x24F6, 0x0900,
	0x2532, 0xF454,
	0x2534, 0x1339,
	0x2536, 0x2A39,
	0x2538, 0x1439,
	0x253A, 0x2B39,
	0x253C, 0x3539,
	0x253E, 0x3A39,
	0x2544, 0xF5C0,
	0x2546, 0x1B1B,
	0x2548, 0x1E1E,
	0x254A, 0x2020,
	0x254C, 0x3F3F,
	0x254E, 0x3F3F,
	0x2550, 0x3F3F,
	0x2556, 0x9932,
	0x2558, 0x002A,
	0x255A, 0x002A,
	0x255C, 0x002A,
	0x255E, 0x0038,
	0x2560, 0x0038,
	0x2562, 0x0050,
	0x283C, 0x0002,
	0x284C, 0x0001,
	0x2874, 0x000B,
	0x28A8, 0x0003,
	0x28AA, 0x0001,
	0x28AC, 0x000C,
	0x28AE, 0x000A,
	0x28C6, 0x0001,
	0x28F4, 0x0002,
	0x291E, 0x0007,
	0x2932, 0x0000,
	0x2948, 0x0001,
	0x294A, 0x0008,
	0x294C, 0x0008,
	0x2950, 0x0040,
	0x2952, 0x003E,
	0x2954, 0x003E,
	0x2958, 0x0004,
	0x295A, 0x0005,
	0x295C, 0x0005,
	0x2960, 0x0001,
	0x2962, 0x0005,
	0x2964, 0x0005,
	0x2968, 0x0013,
	0x296A, 0x0010,
	0x296C, 0x0010,
	0x2970, 0x0020,
	0x2972, 0x0040,
	0x2974, 0x0040,
	0x2978, 0x0013,
	0x297A, 0x0010,
	0x297C, 0x0010,
	0x2980, 0x0020,
	0x2982, 0x0040,
	0x2984, 0x0040,
	0x2988, 0x0001,
	0x298A, 0x000B,
	0x298C, 0x000B,
	0x2994, 0x0054,
	0x2998, 0x0005,
	0x299A, 0x000F,
	0x299C, 0x000F,
	0x29A0, 0x0026,
	0x29A2, 0x0044,
	0x29A4, 0x0044,
	0x29A8, 0x0009,
	0x29AA, 0x0008,
	0x29AC, 0x0008,
	0x29B0, 0x0032,
	0x29B2, 0x0044,
	0x29B4, 0x0044,
	0x29B8, 0x000A,
	0x29BA, 0x0003,
	0x29BC, 0x0003,
	0x29C0, 0x0001,
	0x29C2, 0x0003,
	0x29C4, 0x0003,
	0x29D8, 0x0014,
	0x29DA, 0x0004,
	0x29DC, 0x0004,
	0x29E0, 0xFFF9,
	0x29E2, 0x0004,
	0x29E4, 0x0004,
	0x29E8, 0x0023,
	0x29EA, 0x0029,
	0x29EC, 0x0029,
	0x29F4, 0x003C,
	0x29F8, 0x0015,
	0x29FA, 0x000B,
	0x29FC, 0x000B,
	0x2A04, 0x0054,
	0x2A10, 0x0014,
	0x2A12, 0x0015,
	0x2A14, 0x0015,
	0x2A18, 0x00B1,
	0x2A1A, 0x009C,
	0x2A1C, 0x009C,
	0x2A20, 0x0002,
	0x2A22, 0x0002,
	0x2A24, 0x0002,
	0x2A28, 0x0002,
	0x2A2A, 0x0002,
	0x2A2C, 0x0002,
	0x2A30, 0x008D,
	0x2A32, 0x0092,
	0x2A34, 0x0092,
	0x2A38, 0x0003,
	0x2A3A, 0x0002,
	0x2A3C, 0x0002,
	0x2A40, 0x0001,
	0x2A42, 0x0002,
	0x2A44, 0x0002,
	0x2A90, 0x0001,
	0x2A92, 0x0008,
	0x2A94, 0x0008,
	0x2A98, 0x004C,
	0x2A9A, 0x0044,
	0x2A9C, 0x0044,
	0x2A9E, 0x0044,
	0x2AA0, 0x000B,
	0x2AA2, 0x0003,
	0x2AA4, 0x0003,
	0x2AA8, 0x000A,
	0x2AAA, 0x0003,
	0x2AAC, 0x0003,
	0x2B38, 0x0001,
	0x2B3A, 0x0009,
	0x2B3C, 0x0009,
	0x2B48, 0x0012,
	0x2B4A, 0x0009,
	0x2B4C, 0x0009,
	0x2BBA, 0x0014,
	0x2BBC, 0x0014,
	0x2BC2, 0x0036,
	0x2BC4, 0x0036,
	0x2D88, 0x0029,
	0x2D8A, 0x003B,
	0x2D8C, 0x003B,
	0x2D90, 0x000B,
	0x2D92, 0x0002,
	0x2D94, 0x0002,
	0x2D98, 0x006E,
	0x2D9A, 0x008E,
	0x2D9C, 0x008E,
	0x2DA2, 0x00AC,
	0x2DA4, 0x00AC,
	0x2DA8, 0x00D5,
	0x2DAA, 0x00EA,
	0x2DAC, 0x00EA,
	0x2DB2, 0x00EA,
	0x2DB4, 0x00EA,
	0x2DB8, 0x001D,
	0x2DBA, 0x0003,
	0x2DBC, 0x0003,
	0x2DC2, 0x0003,
	0x2DCA, 0x0006,
	0x2DD2, 0x0010,
	0x2DDA, 0x0010,
	0x2DF2, 0x0001,
	0x2DF8, 0x0001,
	0x2DFA, 0x0001,
	0x2DFC, 0x0001,
	0x2E02, 0x0001,
	0x2E12, 0x000A,
	0x2E18, 0x0081,
	0x2E1A, 0x00A1,
	0x2E1C, 0x00A1,
	0x2E22, 0x0042,
	0x2E2A, 0x00B1,
	0x2E38, 0x001A,
	0x2E3A, 0x0000,
	0x4050, 0x0496,
	0x4052, 0x07D0,
	0x4054, 0x0708,
	0x4056, 0x03FC,
	0x4076, 0x0000,
	0x40A4, 0x0624,
	0x40A6, 0x0009,
	0x40B4, 0x0000,
	0x40C4, 0x0000,
	0x40D2, 0xFFFF,
	0x40EC, 0xCCCC,
	0x40EE, 0xCCCC,
	0x40F6, 0x1640,
	0x40F8, 0xBF3F,
	0x40FE, 0x011F,
	0x4102, 0x1334,
	0x4118, 0x0820,
	0x4120, 0x0820,
	0x412C, 0x0001,
	0x4136, 0x0002,
	0x413A, 0x0000,
	0x413C, 0x0000,
	0x4174, 0x0051,
	0x4176, 0x0051,
	0x4178, 0x0051,
	0x417A, 0x0051,
	0x417C, 0x0051,
	0x417E, 0x0000,
	0x4180, 0x0000,
	0x4182, 0x0000,
	0x4184, 0x0000,
	0x4186, 0x0000,
	0x4188, 0x0051,
	0x418A, 0x0051,
	0x418C, 0x0051,
	0x418E, 0x0051,
	0x4190, 0x0051,
	0x4192, 0x0000,
	0x4194, 0x0000,
	0x4196, 0x0000,
	0x4198, 0x0000,
	0x419A, 0x0000,
	0x419C, 0x0000,
	0x419E, 0x0000,
	0x41A0, 0x0000,
	0x41A2, 0x0000,
	0x41A4, 0x0000,
	0x41A6, 0x0051,
	0x41A8, 0x0051,
	0x41AA, 0x0051,
	0x41AC, 0x0051,
	0x41AE, 0x0051,
	0x4200, 0x0050,
	0x4202, 0x0050,
	0x4204, 0x0050,
	0x4206, 0x0050,
	0x4208, 0x0050,
	0x420A, 0x0050,
	0x420C, 0x0050,
	0x420E, 0x0050,
	0x4210, 0x0050,
	0x4212, 0x0050,
	0x4278, 0x00F0,
	0x427A, 0x00F0,
	0x427C, 0x00F0,
	0x427E, 0x00F0,
	0x4280, 0x00F0,
	0x4282, 0x00F0,
	0x4284, 0x00F0,
	0x4286, 0x00F0,
	0x4288, 0x00F0,
	0x428A, 0x00F0,
	0x4494, 0x6661,
	0x4496, 0x0276,
	0x4498, 0x0820,
	0x449A, 0x201B,
	0x449C, 0x0000,
	0x44B4, 0x0000,
	0x44EA, 0x0000,
	0x44EC, 0x0001,
	0x4522, 0x0000,
	0x4532, 0xC6C0,
	0x4534, 0x39C2,
	0x4536, 0xC6D0,
	0x4538, 0x39D2,
	0x453A, 0xC9E0,
	0x453C, 0x36E2,
	0x453E, 0xC9F0,
	0x4540, 0x36F2,
	0x4572, 0xC6C0,
	0x4574, 0x39C2,
	0x4576, 0xC6C8,
	0x4578, 0x39CA,
	0x457A, 0xC6D0,
	0x457C, 0x39D2,
	0x457E, 0xC6D8,
	0x4580, 0x39DA,
	0x4582, 0xC9E0,
	0x4584, 0x36E2,
	0x4586, 0xC9E8,
	0x4588, 0x36EA,
	0x458A, 0xC9F0,
	0x458C, 0x36F2,
	0x458E, 0xC9F8,
	0x4590, 0x36FA,
	0x45E8, 0x0000,
	0x45EA, 0x0000,
	0x45EC, 0x00FF,
	0x4606, 0x0000,
	0x4642, 0x0022,
	0x464A, 0x0000,
	0x465C, 0x0004,
	0x465E, 0x0000,
	0x4666, 0x00C3,
	0x4668, 0x001E,
	0x466A, 0x001E,
	0x466C, 0x0000,
	0x466E, 0x0055,
	0x4670, 0x002C,
	0x4672, 0x002C,
	0x4674, 0x0000,
	0x4686, 0x0000,
	0x468A, 0x6540,
	0x468E, 0x087F,
	0x4698, 0x0025,
	0x46A0, 0x0001,
	0x4774, 0x0000,
	0x48A2, 0x000E,
	0x4BA4, 0x0000,
	0x4BA6, 0x0100,
	0x4BF8, 0x003C,
	0x4DBE, 0x0001,
	0x4E2A, 0x0000,
	0x540A, 0x0001,
	0x5420, 0x0000,
	0x5422, 0x0000,
	0x5424, 0x0000,
	0x5426, 0x0000,
	0x5428, 0x0000,
	0x542A, 0x0000,
	0x542C, 0x0000,
	0x542E, 0x0000,
	0x5430, 0x0000,
	0x5432, 0x0000,
	0x5434, 0x0000,
	0x5436, 0x0000,
	0x5438, 0x0000,
	0x543A, 0x0000,
	0x543C, 0x0000,
	0x543E, 0x0000,
	0x5440, 0x0004,
	0x5442, 0x0000,
	0x5444, 0x0004,
	0x5446, 0x0000,
	0x5448, 0x0000,
	0x544A, 0x0000,
	0x544C, 0x0000,
	0x544E, 0x0000,
	0x5450, 0x0003,
	0x5452, 0x0000,
	0x5454, 0x0004,
	0x5456, 0x0000,
	0x5458, 0x0000,
	0x545A, 0x0000,
	0x545C, 0x0000,
	0x545E, 0x0000,
	0x54B8, 0x0180,
	0x54BA, 0x0400,
	0x54BC, 0x0FF3,
	0x54BE, 0x0FF3,
	0x54C0, 0x0402,
	0x54C2, 0x4000,
	0x54C4, 0x0FD7,
	0x54C6, 0x0FD7,
	0x54E0, 0x0180,
	0x54E2, 0x0400,
	0x54E4, 0x0FEB,
	0x54E6, 0x0FEB,
	0x54E8, 0x0402,
	0x54EA, 0x4000,
	0x54EC, 0x0FD0,
	0x54EE, 0x0FD0,
	0x5508, 0x0180,
	0x550A, 0x0400,
	0x550C, 0x0FEB,
	0x550E, 0x0FEB,
	0x5510, 0x0402,
	0x5512, 0x4000,
	0x5514, 0x0FD0,
	0x5516, 0x0FD0,
	0x5530, 0x0180,
	0x5532, 0x0400,
	0x5534, 0x0FF3,
	0x5536, 0x0FF3,
	0x5538, 0x0402,
	0x553A, 0x4000,
	0x553C, 0x0FD7,
	0x553E, 0x0FD7,
	0x556A, 0x0001,
	0x55CE, 0x0002,
	0x5714, 0x0000,
	0x5718, 0x0000,
	0x571A, 0x0000,
	0x571C, 0x0000,
	0x59EA, 0x0001,
	0x5A32, 0x0000,
	0x5AF4, 0x000D,
	0x5AF6, 0x000D,
	0x5D00, 0x0000,
	0x5D30, 0x0002,
	0x5D3E, 0x0028,
	0x5D40, 0x001E,
	0x5D52, 0x0000,
	0x5D54, 0x0000,
	0x5D68, 0x0008,
	0x5D6A, 0x0005,
	0x5EB0, 0x0000,
	0x5EB2, 0x0004,
	0x5EB8, 0x0000,
	0x5EBE, 0xFFFF,
	0x5EC0, 0xFFFF,
	0x5EDA, 0xFFFF,
	0x5EDC, 0xFFFF,
	0x5EE2, 0x0002,
	0x5EE4, 0x0001,
	0x5EE6, 0x0001,
	0x5EEC, 0x0028,
	0x5EEE, 0x001E,
	0x5EF0, 0x0001,
	0x5EF2, 0x0001,
	0x5EF4, 0x0000,
	0x5EF6, 0x0000,
	0x5EF8, 0x0010,
	0x5EFA, 0x0010,
	0x5F22, 0x00C8,
	0x5F24, 0x0A8C,
	0x61E4, 0x0001,
	0x62F0, 0x0BBE,
	0x62FC, 0x0BBA,
	0x6312, 0x0500,
	0x6314, 0x0006,
	0x633A, 0x0000,
	0xA420, 0x0001,
	0xA432, 0x0001,
	0xA434, 0x0800,
	0xA436, 0x03E8,
	0xA438, 0x1C00,
	0xA43A, 0x0042,
	0xA43C, 0x0006,
	0xA43E, 0x0080,
	0xA440, 0x0000,
	0xFCFC, 0x4000,
	0x0086, 0x0800,
	0x0710, 0x0001,
	0x080E, 0x0000,
	0x0936, 0x0000,
	0x0B06, 0x0101,
	0x0BC0, 0x0040,
	0x0C40, 0x0000,
};

/*4sum2bin_120FPS_2048x1152*/
static u16 lycheef4tele_slim_video_setting[] = { //Not updated
	0xFCFC, 0x4000,
	0x0B30, 0x01FF,
	0x6170, 0xFFFF,
	0x6180, 0x0000,
	0x6190, 0x0000,
	0x6200, 0xFFFF,
	0x6202, 0xFFFF,
	0x6204, 0x0000,
	0x6206, 0x0000,
	0x6208, 0x0000,
	0xA100, 0xFFFF,
	0xA102, 0x0000,
	0xA104, 0x0000,
	0xFCFC, 0x4001,
	0x0100, 0xFFFF,
	0x0102, 0xFFFF,
	0x0104, 0x0000,
	0x0106, 0x0000,
	0x0108, 0x0000,
	0xFCFC, 0x4000,
	0x8100, 0xFFFF,
	0x8104, 0x0000,
	0x8108, 0x0000,
	0xFCFC, 0x4000,
	0x0344, 0x0000,
	0x0348, 0x201F,
	0x0346, 0x0300,
	0x034A, 0x151F,
	0x034C, 0x0800,
	0x034E, 0x0480,
	0x0350, 0x0004,
	0x0352, 0x0004,
	0x0340, 0x0642,
	0x0342, 0x12B0,
	0x0136, 0x1800,
	0x013E, 0x0000,
	0x0304, 0x0003,
	0x0306, 0x00E6,
	0x030C, 0x0000,
	0x030E, 0x0003,
	0x0310, 0x00D1,
	0x0312, 0x0001,
	0x031A, 0x0003,
	0x031C, 0x0028,
	0x031E, 0x0002,
	0x0202, 0x0014,
	0x0226, 0x0014,
	0x022C, 0x0014,
	0x0702, 0x0000,
	0x0704, 0x0000,
	0x0114, 0x0301,
	0x0118, 0x0104,
	0x011A, 0x0001,
	0x011C, 0x0100,
	0xFCFC, 0x2000,
	0xB176, 0x0602,
	0xB178, 0x0000,
	0x7996, 0x0101,
	0x7994, 0x2020,
	0xFCFC, 0x4000,
	0x0900, 0x3344,
	0x0380, 0x0002,
	0x0382, 0x0006,
	0x0384, 0x0002,
	0x0386, 0x0006,
	0x040C, 0x0000,
	0x0400, 0x1010,
	0x0408, 0x0100,
	0x040A, 0x0100,
	0xFCFC, 0x2000,
	0xD1F6, 0x3A00,
	0xD20C, 0x0910,
	0xD314, 0x2002,
	0xD27A, 0x0700,
	0xD3F0, 0xB01C,
	0xD410, 0x4802,
	0xD426, 0xD204,
	0xD43C, 0x0140,
	0xD412, 0xD204,
	0xD428, 0xEA0A,
	0xD43E, 0x0140,
	0xFCFC, 0x4000,
	0x0260, 0x0001,
	0x0262, 0x0000,
	0x0264, 0x0006,
	0x0266, 0x0700,
	0x0112, 0x0A0A,
	0x0270, 0x2B2B,
	0x0272, 0x2B10,
	0x0274, 0x302B,
	0xFCFC, 0x2001,
	0x44C6, 0x0000,
	0xFCFC, 0x4000,
	0x0B02, 0x0102,
	0x0720, 0x0001,
	0x0722, 0x0800,
	0x0724, 0x0000,
	0x0728, 0x0000,
	0x072A, 0x0000,
	0x072C, 0x0000,
	0x072E, 0x0000,
	0xFCFC, 0x2001,
	0x3132, 0x0200,
	0xFCFC, 0x4000,
	0x021E, 0x0000,
	0x0228, 0x0100,
	0xFCFC, 0x2001,
	0x31D0, 0x0000,
	0x5A70, 0x0000,
	0xFCFC, 0x2000,
	0xDC94, 0x0103,
	0xEF80, 0x0000,
	0x23F0, 0x0001,
	0xF3E4, 0x0300,
	0xF288, 0x0000,
	0xFCFC, 0x2001,
	0x2A30, 0x01FF,
	0x4270, 0x0000,
	0x29BA, 0x2000,
	0x29A8, 0x0100,
	0xFCFC, 0x4000,
	0x0B04, 0x0001,
	0x0B06, 0x0101,
	0x0B08, 0x0100,
	0x0B0A, 0x0101,
	0x0B0C, 0x0100,
	0xFCFC, 0x2000,
	0xC4E0, 0x0100,
	0xC4F6, 0x0000,
	0xC4E2, 0x0000,
	0xC53C, 0x0500,
	0xC544, 0x0005,
	0xC53E, 0x0000,
	0xB23C, 0x6060,
	0xB242, 0x6060,
	0xC554, 0x0010,
	0xC556, 0x0000,
	0xFCFC, 0x2001,
	0x2920, 0x0100,
	0x31F8, 0x0000,
	0x31FA, 0x0000,
	0xFCFC, 0x2000,
	0xD856, 0x0507,
	0xD6D4, 0x0000,
	0x799A, 0x0000,
	0xD8A2, 0x0100,
	0xFCFC, 0x4000,
	0x020A, 0x0000,
	0xFCFC, 0x2000,
	0x78C0, 0x0101,
	0x22C2, 0x0600,
	0x22C4, 0xFF1F,
	0x22EC, 0x1F00,
	0x2306, 0xFF3F,
	0x2314, 0xFF00,
	0x2354, 0x0300,
	0xFCFC, 0x4000,
	0x0936, 0x0000,
	0x0C40, 0x0000,
	0xFCFC, 0x2000,
	0x68DE, 0x0000,
	0xFCFC, 0x2001,
	0x2540, 0x0000,
	0xFCFC, 0x2000,
	0xD718, 0x0002,
	0xBF30, 0x0000,
	0xFCFC, 0x2001,
	0x3C42, 0x0000,
	0x3C46, 0xEB05,
	0x3C52, 0x4006,
	0xFCFC, 0x2000,
	0xD326, 0x0110,
	0xD3EC, 0xB01C,
	0xFCFC, 0x2001,
	0x195E, 0x0100,
	0x1966, 0x0000,
	0xFCFC, 0x4000,
	0x0086, 0x0A00,
	0xFCFC, 0x2000,
	0xE980, 0x9E04,
	0xC4D8, 0x2000,
	0x795A, 0x2000,
	0x7970, 0x2000,
	0xFCFC, 0x2002,
	0x849E, 0x0000,
	0x84A0, 0x0000,
	0x84A2, 0x0000,
	0x84A4, 0x0000,
	0xFCFC, 0x2001,
	0x2BB2, 0x1000,
	0x2D32, 0x0010,
	0xFCFC, 0x2000,
	0x703C, 0x0100,
	0x7046, 0x7F02,
	0x7058, 0x8002,
	0x71D4, 0x3F00,
	0x71D6, 0x3D00,
	0x71D8, 0x84F3,
	0x71DA, 0x0040,
	0x7048, 0x0004,
	0x705A, 0x0004,
	0x7274, 0x0000,
	0x7276, 0x0000,
	0x7278, 0x0000,
	0x727A, 0x0000,
	0x727C, 0x0000,
	0x727E, 0x0000,
	0x7280, 0x0000,
	0x7282, 0x0000,
	0xBEDC, 0xC526,
	0xBEDE, 0x907E,
	0xBEE0, 0xC00F,
	0xBEE2, 0x0008,
	0xBEE4, 0x2C00,
	0xBEE6, 0x8000,
	0xFCFC, 0x2001,
	0x2A54, 0x0000,
	0x2A56, 0x0400,
	0x2A42, 0x0100,
	0x2A44, 0x7901,
	0x2A46, 0x0000,
	0xFCFC, 0x2000,
	0xD704, 0x0278,
	0x7A0E, 0x0F00,
	0x7A6E, 0x1900,
	0x7A86, 0x1900,
	0x8C9E, 0x3500,
	0x8CCE, 0x9600,
	0x7A10, 0x0F00,
	0x7A70, 0x1900,
	0x7A88, 0x1900,
	0x8CA0, 0x3500,
	0x8CD0, 0x9600,
	0xB224, 0x0103,
	0xB226, 0x0000,
	0xB220, 0x0103,
	0x7A12, 0x0F00,
	0x7A72, 0x1900,
	0x7A8A, 0x1900,
	0x8CA2, 0x5000,
	0x8CD2, 0xBE00,
	0x7A14, 0x0F00,
	0x7A74, 0x1900,
	0x7A8C, 0x1900,
	0x8CA4, 0x3500,
	0x7EC6, 0x0900,
	0x7EA2, 0x0900,
	0xB1E0, 0x0707,
	0x7BDA, 0x3C00,
	0xD49C, 0x2100,
	0xD4D0, 0x0600,
	0xD4A8, 0x0700,
	0xD4D6, 0x1A00,
	0xD4E2, 0x0000,
	0xD4BC, 0x4000,
	0xD4B0, 0xC400,
	0xD4C8, 0x0100,
	0xD554, 0xC400,
	0xD556, 0xC400,
	0xD560, 0x5203,
	0xD562, 0x5203,
	0xD4DA, 0x0000,
	0xD4E6, 0x0100,
	0xD4C0, 0x1400,
	0xD4B4, 0x0100,
	0xD4CC, 0x0000,
	0xD5BC, 0x0000,
	0xD5BE, 0x0000,
	0xD5C8, 0x0000,
	0xD5CA, 0x0000,
	0xD4D2, 0x0000,
	0xD4DE, 0x0100,
	0xD4B8, 0x1400,
	0xD4AC, 0x0100,
	0xD4C4, 0x0000,
	0xD4EC, 0x0000,
	0xD4EE, 0x0000,
	0xD4F8, 0x0000,
	0xD4FA, 0x0000,
	0xBF78, 0x5333,
	0xD896, 0x0000,
	0xFCFC, 0x2001,
	0x1C24, 0x0002,
	0x1C26, 0x0005,
	0x1C28, 0x0050,
	0x1C2A, 0x3710,
	0x1C2C, 0x3710,
	0x1C2E, 0x0000,
	0x1C30, 0x0000,
	0x1C32, 0x0000,
	0x1C34, 0x0000,
	0x1C4E, 0x0001,
	0x1C50, 0x7F01,
	0x1C52, 0xD70F,
	0x1C54, 0x1510,
	0x1C56, 0x8001,
	0x1C58, 0x0002,
	0x1C5A, 0x1510,
	0x1C5C, 0xBE0F,
	0x1C5E, 0x0005,
	0x1C60, 0x0050,
	0x1C62, 0x3710,
	0x1C64, 0x3710,
	0x1C76, 0x0001,
	0x1C78, 0x7F01,
	0x1C7A, 0xD70F,
	0x1C7C, 0x1510,
	0x1C7E, 0x8001,
	0x1C80, 0x0002,
	0x1C82, 0x1510,
	0x1C84, 0xBE0F,
	0x1C86, 0x0005,
	0x1C88, 0x0050,
	0x1C8A, 0x3710,
	0x1C8C, 0x3710,
	0x1C9E, 0x0005,
	0x1CA0, 0x0050,
	0x1CA2, 0x3710,
	0x1CA4, 0x3710,
	0x1CA6, 0x0000,
	0x1CA8, 0x0000,
	0x1CAA, 0x0000,
	0x1CAC, 0x0000,
	0x1CC6, 0x0000,
	0x1CC8, 0x0000,
	0x1CCA, 0x0000,
	0x1CCC, 0x0000,
	0x1CCE, 0x0000,
	0x1CD0, 0x0000,
	0x1CD2, 0x0000,
	0x1CD4, 0x0000,
	0x1CEE, 0x0000,
	0x1CF0, 0x0000,
	0x1CF2, 0x0000,
	0x1CF4, 0x0000,
	0x1CF6, 0x0000,
	0x1CF8, 0x0000,
	0x1CFA, 0x0000,
	0x1CFC, 0x0000,
	0x1CFE, 0x0000,
	0x1D00, 0x0000,
	0x1D02, 0x0000,
	0x1D04, 0x0000,
	0x1D16, 0x0000,
	0x1D18, 0x0000,
	0x1D1A, 0x0000,
	0x1D1C, 0x0000,
	0x1D1E, 0x0000,
	0x1D20, 0x0000,
	0x1D22, 0x0000,
	0x1D24, 0x0000,
	0x1D26, 0x0000,
	0x1D28, 0x0000,
	0x1D2A, 0x0000,
	0x1D2C, 0x0000,
	0x1D3E, 0x0000,
	0x1D40, 0x0000,
	0x1D42, 0x0000,
	0x1D44, 0x0000,
	0x1D46, 0x0000,
	0x1D48, 0x0000,
	0x1D4A, 0x0000,
	0x1D4C, 0x0000,
	0xFCFC, 0x2000,
	0xB21E, 0x0000,
	0xB222, 0xC000,
	0xB20C, 0x2E00,
	0xB21A, 0x0402,
	0xB378, 0x0100,
	0xDD70, 0x0000,
	0xDE38, 0x0000,
	0xFCFC, 0x2002,
	0xA56C, 0x0100,
	0xA58C, 0xA2FD,
	0xA58E, 0xFEFE,
	0xA56E, 0x4000,
	0xA57C, 0x0E00,
	0xA570, 0x8000,
	0xA57E, 0x2000,
	0xA572, 0xA000,
	0xA580, 0x2800,
	0xA574, 0x4001,
	0xA582, 0x1400,
	0xA576, 0x8002,
	0xA584, 0x2200,
	0xA578, 0x0005,
	0xA586, 0x2800,
	0xA57A, 0x000A,
	0xA588, 0x2C00,
	0xA58A, 0x2E00,
	0xFCFC, 0x2001,
	0x1DF2, 0x0000,
	0x1DF6, 0x0000,
	0x1DFA, 0x0000,
	0x1DFE, 0x0000,
	0x1E12, 0x0C00,
	0x1E16, 0x0C00,
	0x1E1A, 0x0C00,
	0x1E1E, 0x0C00,
	0x1E32, 0x0000,
	0x1E36, 0x0000,
	0x1E3A, 0x0000,
	0x1E3E, 0x0000,
	0x1E52, 0x0C00,
	0x1E56, 0x0C00,
	0x1E5A, 0x0C00,
	0x1E5E, 0x0C00,
	0xFCFC, 0x2000,
	0x82BA, 0x3300,
	0x82A2, 0x1400,
	0xFCFC, 0x2001,
	0x427C, 0x2000,
	0x4280, 0x1000,
	0x4362, 0x0000,
	0x43AA, 0x0000,
	0x43AC, 0x0000,
	0x43C6, 0x010A,
	0x43B4, 0x0000,
	0x43B6, 0x0000,
	0x4396, 0x0D00,
	0xFCFC, 0x2000,
	0xB322, 0x0101,
	0xB324, 0x0100,
	0xB330, 0x2828,
	0xB34A, 0x2828,
	0xB360, 0x2828,
	0xFCFC, 0x2001,
	0x4364, 0x0000,
	0x4366, 0x0000,
	0x4370, 0x0000,
	0x4290, 0x0000,
	0xFCFC, 0x4000,
};

/*4sum12.5Mp_24FPS_4096x3072*/
static u16 lycheef4tele_custom1_setting[] = {
//Complete	5
//241224
//05_OceanLyChee_KN1_Fdsum_4096x3072_24fps_2496Msps
//Mode :	05_OceanLyChee_KN1_Fdsum
//Purpose :	Evaluation
//PHY	DPHY
//QPDC	QPDC_Off
//DBPC	0
//Qmosaic	QMSC_Off
//Tail :	On (L/R only)	4096x3072
//24	MHz
//776	MHz
//2496	Mbps/lane
//4	lane
//8224	px
//6176	px
//4096	px
//3072	px
//24.03	fps
//Raw10
//4696	px
//600	px
//6878	line
//3806	line
//25.67	ms
//Gr	First
//Address	Data (Hex)	Data (Dec)
	0xFCFC, 0x4000,
	0x0136, 0x1800,
	0x013E, 0x0000,
	0x0304, 0x0002,
	0x0306, 0x0061,
	0x030C, 0x0000,
	0x0302, 0x0001,
	0x0300, 0x0006,
	0x030E, 0x0003,
	0x0310, 0x009C,
	0x0322, 0x0000,
	0x0312, 0x0000,
	0x030A, 0x0001,
	0x0308, 0x0008,
	0x0344, 0x0000,
	0x0348, 0x201F,
	0x0346, 0x0000,
	0x034A, 0x181F,
	0x034C, 0x1000,
	0x034E, 0x0C00,
	0x0350, 0x0008,
	0x0352, 0x0008,
	0x0340, 0x1ADE,
	0x0342, 0x1258,
	0x0702, 0x0000,
	0x0202, 0x0006,
	0x0900, 0x2222,
	0x0380, 0x0002,
	0x0382, 0x0002,
	0x0384, 0x0002,
	0x0386, 0x0002,
	0x040C, 0x0000,
	0x0400, 0x1010,
	0x0408, 0x1010,
	0x040A, 0x1010,
	0x0110, 0x0002,
	0x0112, 0x0A0A,
	0x0114, 0x0301,
	0x0116, 0x3000,
	0x0118, 0x0000,
	0x011A, 0x0001,
	0x011C, 0x0100,
	0x0D00, 0x0100,
	0x0D02, 0x0101,
	0x0D04, 0x0102,
	0xFCFC, 0x2400,
	0x1CA2, 0x0040,
	0x1CB2, 0x0000,
	0x1CB8, 0x0001,
	0x1CD4, 0x0000,
	0x1D48, 0x0000,
	0x1DB2, 0x1388,
	0x1DEE, 0x0001,
	0x1E18, 0x0001,
	0x1E7E, 0x0022,
	0x1FE4, 0x0000,
	0x1FEC, 0x0001,
	0x23C4, 0x0001,
	0x23CE, 0x0001,
	0x23D8, 0x007F,
	0x23E2, 0x0080,
	0x2448, 0x056E,
	0x244A, 0x03D6,
	0x244C, 0xF458,
	0x24D8, 0x0001,
	0x24E2, 0x0001,
	0x24EC, 0x0040,
	0x24EE, 0x0080,
	0x24F0, 0x0100,
	0x24F2, 0x0200,
	0x24F4, 0x0400,
	0x24F6, 0x0900,
	0x2532, 0xF454,
	0x2534, 0x1239,
	0x2536, 0x2939,
	0x2538, 0x1339,
	0x253A, 0x2B39,
	0x253C, 0x3339,
	0x253E, 0x3839,
	0x2544, 0xF5C0,
	0x2546, 0x1B1B,
	0x2548, 0x1E1E,
	0x254A, 0x2020,
	0x254C, 0x3F3F,
	0x254E, 0x3F3F,
	0x2550, 0x3F3F,
	0x2556, 0x9932,
	0x2558, 0x002A,
	0x255A, 0x002A,
	0x255C, 0x002A,
	0x255E, 0x0038,
	0x2560, 0x0038,
	0x2562, 0x0050,
	0x283C, 0x0002,
	0x284C, 0x0001,
	0x2874, 0x000B,
	0x28A8, 0x0003,
	0x28AA, 0x0001,
	0x28AC, 0x000C,
	0x28AE, 0x000A,
	0x28C6, 0x0001,
	0x28F4, 0x0002,
	0x291E, 0x0007,
	0x2932, 0x0000,
	0x2948, 0x0001,
	0x294A, 0x0008,
	0x294C, 0x0008,
	0x2950, 0x0040,
	0x2952, 0x003E,
	0x2954, 0x003E,
	0x2958, 0x0004,
	0x295A, 0x0005,
	0x295C, 0x0005,
	0x2960, 0x0001,
	0x2962, 0x0005,
	0x2964, 0x0005,
	0x2968, 0x0013,
	0x296A, 0x0010,
	0x296C, 0x0010,
	0x2970, 0x0020,
	0x2972, 0x0040,
	0x2974, 0x0040,
	0x2978, 0x0013,
	0x297A, 0x0010,
	0x297C, 0x0010,
	0x2980, 0x0020,
	0x2982, 0x0040,
	0x2984, 0x0040,
	0x2988, 0x0001,
	0x298A, 0x000B,
	0x298C, 0x000B,
	0x2994, 0x0054,
	0x2998, 0x0005,
	0x299A, 0x000F,
	0x299C, 0x000F,
	0x29A0, 0x0026,
	0x29A2, 0x0044,
	0x29A4, 0x0044,
	0x29A8, 0x0009,
	0x29AA, 0x0008,
	0x29AC, 0x0008,
	0x29B0, 0x0032,
	0x29B2, 0x0044,
	0x29B4, 0x0044,
	0x29B8, 0x000A,
	0x29BA, 0x0003,
	0x29BC, 0x0003,
	0x29C0, 0x0001,
	0x29C2, 0x0003,
	0x29C4, 0x0003,
	0x29D8, 0x0014,
	0x29DA, 0x0004,
	0x29DC, 0x0004,
	0x29E0, 0xFFF9,
	0x29E2, 0x0004,
	0x29E4, 0x0004,
	0x29E8, 0x0023,
	0x29EA, 0x0029,
	0x29EC, 0x0029,
	0x29F4, 0x003C,
	0x29F8, 0x0015,
	0x29FA, 0x000B,
	0x29FC, 0x000B,
	0x2A04, 0x0054,
	0x2A10, 0x0014,
	0x2A12, 0x0015,
	0x2A14, 0x0015,
	0x2A18, 0x00B1,
	0x2A1A, 0x009C,
	0x2A1C, 0x009C,
	0x2A20, 0x0002,
	0x2A22, 0x0002,
	0x2A24, 0x0002,
	0x2A28, 0x0002,
	0x2A2A, 0x0002,
	0x2A2C, 0x0002,
	0x2A30, 0x008D,
	0x2A32, 0x0092,
	0x2A34, 0x0092,
	0x2A38, 0x0003,
	0x2A3A, 0x0002,
	0x2A3C, 0x0002,
	0x2A40, 0x0001,
	0x2A42, 0x0002,
	0x2A44, 0x0002,
	0x2A90, 0x0001,
	0x2A92, 0x0008,
	0x2A94, 0x0008,
	0x2A98, 0x004C,
	0x2A9A, 0x0044,
	0x2A9C, 0x0044,
	0x2A9E, 0x0044,
	0x2AA0, 0x000B,
	0x2AA2, 0x0003,
	0x2AA4, 0x0003,
	0x2AA8, 0x000A,
	0x2AAA, 0x0003,
	0x2AAC, 0x0003,
	0x2B38, 0x0001,
	0x2B3A, 0x0009,
	0x2B3C, 0x0009,
	0x2B48, 0x0012,
	0x2B4A, 0x0009,
	0x2B4C, 0x0009,
	0x2BBA, 0x0014,
	0x2BBC, 0x0014,
	0x2BC2, 0x0036,
	0x2BC4, 0x0036,
	0x2D88, 0x0029,
	0x2D8A, 0x003B,
	0x2D8C, 0x003B,
	0x2D90, 0x000B,
	0x2D92, 0x0002,
	0x2D94, 0x0002,
	0x2D98, 0x006E,
	0x2D9A, 0x008E,
	0x2D9C, 0x008E,
	0x2DA2, 0x00AC,
	0x2DA4, 0x00AC,
	0x2DA8, 0x00D5,
	0x2DAA, 0x00EA,
	0x2DAC, 0x00EA,
	0x2DB2, 0x00EA,
	0x2DB4, 0x00EA,
	0x2DB8, 0x001D,
	0x2DBA, 0x0003,
	0x2DBC, 0x0003,
	0x2DC2, 0x0003,
	0x2DCA, 0x0006,
	0x2DD2, 0x0010,
	0x2DDA, 0x0010,
	0x2DF2, 0x0001,
	0x2DF8, 0x0001,
	0x2DFA, 0x0001,
	0x2DFC, 0x0001,
	0x2E02, 0x0001,
	0x2E12, 0x000A,
	0x2E18, 0x0081,
	0x2E1A, 0x00A1,
	0x2E1C, 0x00A1,
	0x2E22, 0x0042,
	0x2E2A, 0x00B1,
	0x2E38, 0x001A,
	0x2E3A, 0x0000,
	0x4050, 0x0496,
	0x4052, 0x07D0,
	0x4054, 0x0708,
	0x4056, 0x03FC,
	0x4076, 0x0000,
	0x40A4, 0x0624,
	0x40A6, 0x0009,
	0x40B4, 0x0000,
	0x40C4, 0x0000,
	0x40D2, 0xFFFF,
	0x40EC, 0xCCCC,
	0x40EE, 0xCCCC,
	0x40F6, 0x1640,
	0x40F8, 0xBF3F,
	0x40FE, 0x011F,
	0x4102, 0x1334,
	0x4118, 0x0820,
	0x4120, 0x0820,
	0x412C, 0x0001,
	0x4136, 0x0002,
	0x413A, 0x0000,
	0x413C, 0x0000,
	0x4174, 0x0051,
	0x4176, 0x0051,
	0x4178, 0x0051,
	0x417A, 0x0051,
	0x417C, 0x0051,
	0x417E, 0x0000,
	0x4180, 0x0000,
	0x4182, 0x0000,
	0x4184, 0x0000,
	0x4186, 0x0000,
	0x4188, 0x0051,
	0x418A, 0x0051,
	0x418C, 0x0051,
	0x418E, 0x0051,
	0x4190, 0x0051,
	0x4192, 0x0000,
	0x4194, 0x0000,
	0x4196, 0x0000,
	0x4198, 0x0000,
	0x419A, 0x0000,
	0x419C, 0x0000,
	0x419E, 0x0000,
	0x41A0, 0x0000,
	0x41A2, 0x0000,
	0x41A4, 0x0000,
	0x41A6, 0x0051,
	0x41A8, 0x0051,
	0x41AA, 0x0051,
	0x41AC, 0x0051,
	0x41AE, 0x0051,
	0x4200, 0x0050,
	0x4202, 0x0050,
	0x4204, 0x0050,
	0x4206, 0x0050,
	0x4208, 0x0050,
	0x420A, 0x0050,
	0x420C, 0x0050,
	0x420E, 0x0050,
	0x4210, 0x0050,
	0x4212, 0x0050,
	0x4278, 0x00F0,
	0x427A, 0x00F0,
	0x427C, 0x00F0,
	0x427E, 0x00F0,
	0x4280, 0x00F0,
	0x4282, 0x00F0,
	0x4284, 0x00F0,
	0x4286, 0x00F0,
	0x4288, 0x00F0,
	0x428A, 0x00F0,
	0x4494, 0x6661,
	0x4496, 0x0276,
	0x4498, 0x0820,
	0x449A, 0x201B,
	0x449C, 0x0000,
	0x44B4, 0x0000,
	0x44EA, 0x0000,
	0x44EC, 0x0001,
	0x4522, 0x0000,
	0x4532, 0xC6C0,
	0x4534, 0x39C2,
	0x4536, 0xC6D0,
	0x4538, 0x39D2,
	0x453A, 0xC9E0,
	0x453C, 0x36E2,
	0x453E, 0xC9F0,
	0x4540, 0x36F2,
	0x4572, 0xC6C0,
	0x4574, 0x39C2,
	0x4576, 0xC6C8,
	0x4578, 0x39CA,
	0x457A, 0xC6D0,
	0x457C, 0x39D2,
	0x457E, 0xC6D8,
	0x4580, 0x39DA,
	0x4582, 0xC9E0,
	0x4584, 0x36E2,
	0x4586, 0xC9E8,
	0x4588, 0x36EA,
	0x458A, 0xC9F0,
	0x458C, 0x36F2,
	0x458E, 0xC9F8,
	0x4590, 0x36FA,
	0x45E8, 0x0000,
	0x45EA, 0x0000,
	0x45EC, 0x00FF,
	0x4606, 0x0000,
	0x4642, 0x0022,
	0x464A, 0x0000,
	0x465C, 0x0004,
	0x465E, 0x0000,
	0x4666, 0x00C3,
	0x4668, 0x001E,
	0x466A, 0x001E,
	0x466C, 0x0000,
	0x466E, 0x0055,
	0x4670, 0x002C,
	0x4672, 0x002C,
	0x4674, 0x0000,
	0x4686, 0x0000,
	0x468A, 0x6540,
	0x468E, 0x087F,
	0x4698, 0x0025,
	0x46A0, 0x0001,
	0x4774, 0x0000,
	0x48A2, 0x000E,
	0x4BA4, 0x0000,
	0x4BA6, 0x0100,
	0x4BF8, 0x003C,
	0x4DBE, 0x0001,
	0x4E2A, 0x0000,
	0x540A, 0x0001,
	0x5420, 0x0000,
	0x5422, 0x0000,
	0x5424, 0x0000,
	0x5426, 0x0000,
	0x5428, 0x0000,
	0x542A, 0x0000,
	0x542C, 0x0000,
	0x542E, 0x0000,
	0x5430, 0x0000,
	0x5432, 0x0000,
	0x5434, 0x0000,
	0x5436, 0x0000,
	0x5438, 0x0000,
	0x543A, 0x0000,
	0x543C, 0x0000,
	0x543E, 0x0000,
	0x5440, 0x0004,
	0x5442, 0x0000,
	0x5444, 0x0004,
	0x5446, 0x0000,
	0x5448, 0x0000,
	0x544A, 0x0000,
	0x544C, 0x0000,
	0x544E, 0x0000,
	0x5450, 0x0003,
	0x5452, 0x0000,
	0x5454, 0x0004,
	0x5456, 0x0000,
	0x5458, 0x0000,
	0x545A, 0x0000,
	0x545C, 0x0000,
	0x545E, 0x0000,
	0x54B8, 0x0180,
	0x54BA, 0x0400,
	0x54BC, 0x0FF3,
	0x54BE, 0x0FF3,
	0x54C0, 0x0402,
	0x54C2, 0x4000,
	0x54C4, 0x0FD7,
	0x54C6, 0x0FD7,
	0x54E0, 0x0180,
	0x54E2, 0x0400,
	0x54E4, 0x0FEB,
	0x54E6, 0x0FEB,
	0x54E8, 0x0402,
	0x54EA, 0x4000,
	0x54EC, 0x0FD0,
	0x54EE, 0x0FD0,
	0x5508, 0x0180,
	0x550A, 0x0400,
	0x550C, 0x0FEB,
	0x550E, 0x0FEB,
	0x5510, 0x0402,
	0x5512, 0x4000,
	0x5514, 0x0FD0,
	0x5516, 0x0FD0,
	0x5530, 0x0180,
	0x5532, 0x0400,
	0x5534, 0x0FF3,
	0x5536, 0x0FF3,
	0x5538, 0x0402,
	0x553A, 0x4000,
	0x553C, 0x0FD7,
	0x553E, 0x0FD7,
	0x556A, 0x0001,
	0x55CE, 0x0002,
	0x5714, 0x0000,
	0x5718, 0x0000,
	0x571A, 0x0000,
	0x571C, 0x0000,
	0x59EA, 0x0001,
	0x5A32, 0x0000,
	0x5AF4, 0x000D,
	0x5AF6, 0x000D,
	0x5D00, 0x0000,
	0x5D30, 0x0002,
	0x5D3E, 0x0028,
	0x5D40, 0x001E,
	0x5D52, 0x0000,
	0x5D54, 0x0000,
	0x5D68, 0x0008,
	0x5D6A, 0x0005,
	0x5EB0, 0x0000,
	0x5EB2, 0x0004,
	0x5EB8, 0x0000,
	0x5EBE, 0xFFFF,
	0x5EC0, 0xFFFF,
	0x5EDA, 0xFFFF,
	0x5EDC, 0xFFFF,
	0x5EE2, 0x0002,
	0x5EE4, 0x0001,
	0x5EE6, 0x0001,
	0x5EEC, 0x0028,
	0x5EEE, 0x001E,
	0x5EF0, 0x0001,
	0x5EF2, 0x0001,
	0x5EF4, 0x0000,
	0x5EF6, 0x0000,
	0x5EF8, 0x0010,
	0x5EFA, 0x0010,
	0x5F22, 0x00C8,
	0x5F24, 0x0A8C,
	0x61E4, 0x0001,
	0x62F0, 0x0BBE,
	0x62FC, 0x0BBA,
	0x6312, 0x0500,
	0x6314, 0x0006,
	0x633A, 0x0000,
	0xA420, 0x0001,
	0xA432, 0x0001,
	0xA434, 0x0800,
	0xA436, 0x03E8,
	0xA438, 0x1C00,
	0xA43A, 0x0042,
	0xA43C, 0x0006,
	0xA43E, 0x0080,
	0xA440, 0x0000,
	0xFCFC, 0x4000,
	0x0086, 0x0800,
	0x0710, 0x0001,
	0x080E, 0x0000,
	0x0936, 0x0000,
	0x0B06, 0x0101,
	0x0BC0, 0x0040,
	0x0C40, 0x0000,
};

/*4sum2bin_30FPS_2048x1152*/
static u16 lycheef4tele_custom2_setting[] = {
//Complete	19
//240318
//13_1_OceanFront5_KN1_A2A2_FHD_2048x1152_30fps_1680Msps
//Mode :	13_1_Ocean_KN1_A2A2_FHD
//Purpose :	Evaluation
//PHY	DPHY
//QPDC	QPDC_Off
//DBPC	DBPC_Off
//Qmosaic	QMSC_Off
//Tail :	On (L/R only)	2048x384
//24	MHz
//776	MHz
//1680	Mbps/lane
//4	lane
//8224	px
//4640	px
//2048	px
//1152	px
//30.01	fps
//Raw10
//10708	px
//8660	px
//2408	line
//1256	line
//33.54	ms
//Gr	First
//Address	Data (Hex)	Data (Dec)
	0xFCFC, 0x4000,
	0x0136, 0x1800,
	0x013E, 0x0000,
	0x0304, 0x0002,
	0x0306, 0x0061,
	0x030C, 0x0000,
	0x0302, 0x0001,
	0x0300, 0x0006,
	0x030E, 0x0003,
	0x0310, 0x0069,
	0x0322, 0x0000,
	0x0312, 0x0000,
	0x030A, 0x0001,
	0x0308, 0x0008,
	0x0344, 0x0000,
	0x0348, 0x201F,
	0x0346, 0x0300,
	0x034A, 0x151F,
	0x034C, 0x0800,
	0x034E, 0x0480,
	0x0350, 0x0004,
	0x0352, 0x0004,
	0x0340, 0x0968,
	0x0342, 0x29D4,
	0x0702, 0x0000,
	0x0202, 0x0006,
	0x0900, 0x3344,
	0x0380, 0x0002,
	0x0382, 0x0006,
	0x0384, 0x0002,
	0x0386, 0x0006,
	0x040C, 0x0000,
	0x0400, 0x1010,
	0x0408, 0x1010,
	0x040A, 0x1010,
	0x0110, 0x0002,
	0x0112, 0x0A0A,
	0x0114, 0x0301,
	0x0116, 0x3000,
	0x0118, 0x0000,
	0x011A, 0x0001,
	0x011C, 0x0100,
	0x0D00, 0x0100,
	0x0D02, 0x0101,
	0x0D04, 0x0102,
	0xFCFC, 0x2400,
	0x1CA2, 0x0040,
	0x1CA6, 0x0000,
	0x1CB2, 0x0000,
	0x1CB8, 0x0001,
	0x1CD4, 0x0000,
	0x1D48, 0x0000,
	0x1DB2, 0x1388,
	0x1DEE, 0x0001,
	0x1E18, 0x0001,
	0x1E7E, 0x0022,
	0x1FE4, 0x0000,
	0x1FEC, 0x0001,
	0x23C4, 0x0001,
	0x23CE, 0x0001,
	0x23D8, 0x0020,
	0x23E2, 0x0800,
	0x2448, 0x03D6,
	0x244A, 0x03D6,
	0x244C, 0xF458,
	0x24D8, 0x0001,
	0x24E2, 0x0001,
	0x24EC, 0x0040,
	0x24EE, 0x0080,
	0x24F0, 0x0100,
	0x24F2, 0x0200,
	0x24F4, 0x0400,
	0x24F6, 0x0900,
	0x2532, 0xF454,
	0x2534, 0x1139,
	0x2536, 0x2839,
	0x2538, 0x3239,
	0x253A, 0x3639,
	0x253C, 0x3A39,
	0x253E, 0x3A39,
	0x2544, 0xF5C0,
	0x2546, 0x3B3B,
	0x2548, 0x2020,
	0x254A, 0x3030,
	0x254C, 0x3232,
	0x254E, 0x3535,
	0x2550, 0x3535,
	0x2556, 0x9932,
	0x2558, 0x001C,
	0x255A, 0x005C,
	0x255C, 0x005C,
	0x255E, 0x0074,
	0x2560, 0x0080,
	0x2562, 0x0080,
	0x283C, 0x0004,
	0x284C, 0x0000,
	0x2874, 0x000B,
	0x28A8, 0x0004,
	0x28AA, 0x0003,
	0x28AC, 0x0008,
	0x28AE, 0x0008,
	0x28C6, 0x0002,
	0x28F4, 0x0004,
	0x291E, 0x0007,
	0x2932, 0x0000,
	0x2948, 0x0002,
	0x294A, 0x0008,
	0x294C, 0x0008,
	0x2950, 0x0046,
	0x2952, 0x003E,
	0x2954, 0x003E,
	0x2958, 0x0002,
	0x295A, 0x0005,
	0x295C, 0x0005,
	0x2960, 0x0004,
	0x2962, 0x0005,
	0x2964, 0x0005,
	0x2968, 0x0012,
	0x296A, 0x0010,
	0x296C, 0x0010,
	0x2970, 0x0013,
	0x2972, 0x0040,
	0x2974, 0x0040,
	0x2978, 0x0012,
	0x297A, 0x0010,
	0x297C, 0x0010,
	0x2980, 0x0013,
	0x2982, 0x0040,
	0x2984, 0x0040,
	0x2988, 0x0014,
	0x298A, 0x000B,
	0x298C, 0x000B,
	0x2994, 0x0054,
	0x2998, 0x000B,
	0x299A, 0x000F,
	0x299C, 0x000F,
	0x29A0, 0x0038,
	0x29A2, 0x0044,
	0x29A4, 0x0044,
	0x29A8, 0x0012,
	0x29AA, 0x0008,
	0x29AC, 0x0008,
	0x29B0, 0x001A,
	0x29B2, 0x0044,
	0x29B4, 0x0044,
	0x29B8, 0x0002,
	0x29BA, 0x0003,
	0x29BC, 0x0003,
	0x29C0, 0x0002,
	0x29C2, 0x0003,
	0x29C4, 0x0003,
	0x29D8, 0x0002,
	0x29DA, 0x0004,
	0x29DC, 0x0004,
	0x29E0, 0xFFFD,
	0x29E2, 0x0004,
	0x29E4, 0x0004,
	0x29E8, 0x000A,
	0x29EA, 0x0029,
	0x29EC, 0x0029,
	0x29F4, 0x003C,
	0x29F8, 0x0011,
	0x29FA, 0x000B,
	0x29FC, 0x000B,
	0x2A04, 0x0054,
	0x2A10, 0x0016,
	0x2A12, 0x0015,
	0x2A14, 0x0015,
	0x2A18, 0x0082,
	0x2A1A, 0x009C,
	0x2A1C, 0x009C,
	0x2A20, 0x0001,
	0x2A22, 0x0002,
	0x2A24, 0x0002,
	0x2A28, 0x0001,
	0x2A2A, 0x0002,
	0x2A2C, 0x0002,
	0x2A30, 0x0073,
	0x2A32, 0x0092,
	0x2A34, 0x0092,
	0x2A38, 0x0001,
	0x2A3A, 0x0002,
	0x2A3C, 0x0002,
	0x2A40, 0x0001,
	0x2A42, 0x0002,
	0x2A44, 0x0002,
	0x2A90, 0x0009,
	0x2A92, 0x0008,
	0x2A94, 0x0008,
	0x2A98, 0x004A,
	0x2A9A, 0x0044,
	0x2A9C, 0x0044,
	0x2A9E, 0x0044,
	0x2AA0, 0x000A,
	0x2AA2, 0x0003,
	0x2AA4, 0x0003,
	0x2AA8, 0x0008,
	0x2AAA, 0x0003,
	0x2AAC, 0x0003,
	0x2B38, 0x0031,
	0x2B3A, 0x0009,
	0x2B3C, 0x0009,
	0x2B48, 0x0049,
	0x2B4A, 0x0009,
	0x2B4C, 0x0009,
	0x2BBA, 0x0014,
	0x2BBC, 0x0014,
	0x2BC2, 0x0036,
	0x2BC4, 0x0036,
	0x2D88, 0x0040,
	0x2D8A, 0x003B,
	0x2D8C, 0x003B,
	0x2D90, 0x0004,
	0x2D92, 0x0002,
	0x2D94, 0x0002,
	0x2D98, 0x0064,
	0x2D9A, 0x008E,
	0x2D9C, 0x008E,
	0x2DA2, 0x00AC,
	0x2DA4, 0x00AC,
	0x2DA8, 0x00CF,
	0x2DAA, 0x00EA,
	0x2DAC, 0x00EA,
	0x2DB2, 0x00EA,
	0x2DB4, 0x00EA,
	0x2DB8, 0x004A,
	0x2DBA, 0x0003,
	0x2DBC, 0x0003,
	0x2DC2, 0x0003,
	0x2DCA, 0x0006,
	0x2DD2, 0x0010,
	0x2DDA, 0x0010,
	0x2DF2, 0x0001,
	0x2DF8, 0x0005,
	0x2DFA, 0x0001,
	0x2DFC, 0x0001,
	0x2E02, 0x0001,
	0x2E12, 0x000A,
	0x2E18, 0x0084,
	0x2E1A, 0x00A1,
	0x2E1C, 0x00A1,
	0x2E22, 0x0042,
	0x2E2A, 0x00B1,
	0x2E38, 0x0082,
	0x2E3A, 0x0000,
	0x4050, 0x04D0,
	0x4052, 0x07D0,
	0x4054, 0x0708,
	0x4056, 0x03FC,
	0x4076, 0x0000,
	0x40A4, 0x0602,
	0x40A6, 0x0009,
	0x40B4, 0x0000,
	0x40C4, 0x0002,
	0x40D2, 0xFFFF,
	0x40EC, 0xCCCC,
	0x40EE, 0xCCCC,
	0x40F6, 0x1640,
	0x40F8, 0xBF3F,
	0x40FE, 0x011F,
	0x4102, 0x1334,
	0x4118, 0x0820,
	0x4120, 0x0820,
	0x412C, 0x0001,
	0x4136, 0x0002,
	0x413A, 0x0000,
	0x413C, 0x0000,
	0x4174, 0x0051,
	0x4176, 0x0051,
	0x4178, 0x0051,
	0x417A, 0x0051,
	0x417C, 0x0051,
	0x417E, 0x0000,
	0x4180, 0x0000,
	0x4182, 0x0000,
	0x4184, 0x0000,
	0x4186, 0x0000,
	0x4188, 0x0051,
	0x418A, 0x0051,
	0x418C, 0x0051,
	0x418E, 0x0051,
	0x4190, 0x0051,
	0x4192, 0x0000,
	0x4194, 0x0000,
	0x4196, 0x0000,
	0x4198, 0x0000,
	0x419A, 0x0000,
	0x419C, 0x0000,
	0x419E, 0x0000,
	0x41A0, 0x0000,
	0x41A2, 0x0000,
	0x41A4, 0x0000,
	0x41A6, 0x0051,
	0x41A8, 0x0051,
	0x41AA, 0x0051,
	0x41AC, 0x0051,
	0x41AE, 0x0051,
	0x4200, 0x0050,
	0x4202, 0x0050,
	0x4204, 0x0050,
	0x4206, 0x0050,
	0x4208, 0x0050,
	0x420A, 0x0050,
	0x420C, 0x0050,
	0x420E, 0x0050,
	0x4210, 0x0050,
	0x4212, 0x0050,
	0x4278, 0x00F0,
	0x427A, 0x00F0,
	0x427C, 0x00F0,
	0x427E, 0x00F0,
	0x4280, 0x00F0,
	0x4282, 0x00F0,
	0x4284, 0x00F0,
	0x4286, 0x00F0,
	0x4288, 0x00F0,
	0x428A, 0x00F0,
	0x4494, 0x7661,
	0x4496, 0x0276,
	0x4498, 0x0820,
	0x449A, 0x2003,
	0x449C, 0x0000,
	0x44B4, 0x0000,
	0x44EA, 0x0000,
	0x44EC, 0x0001,
	0x4522, 0x0000,
	0x4532, 0xC6C0,
	0x4534, 0x39C2,
	0x4536, 0xC6D0,
	0x4538, 0x39D2,
	0x453A, 0xC9E0,
	0x453C, 0x36E2,
	0x453E, 0xC9F0,
	0x4540, 0x36F2,
	0x4572, 0xC6C0,
	0x4574, 0x39C2,
	0x4576, 0xC6C8,
	0x4578, 0x39CA,
	0x457A, 0xC6D0,
	0x457C, 0x39D2,
	0x457E, 0xC6D8,
	0x4580, 0x39DA,
	0x4582, 0xC9E0,
	0x4584, 0x36E2,
	0x4586, 0xC9E8,
	0x4588, 0x36EA,
	0x458A, 0xC9F0,
	0x458C, 0x36F2,
	0x458E, 0xC9F8,
	0x4590, 0x36FA,
	0x45E8, 0x0001,
	0x45EA, 0x0001,
	0x45EC, 0x00FF,
	0x4606, 0x0000,
	0x4642, 0x0000,
	0x464A, 0x0000,
	0x465C, 0x0004,
	0x465E, 0x007D,
	0x4666, 0x00D3,
	0x4668, 0x001E,
	0x466A, 0x001E,
	0x466C, 0x0000,
	0x466E, 0x0032,
	0x4670, 0x002C,
	0x4672, 0x002C,
	0x4674, 0x0000,
	0x4686, 0x0000,
	0x468A, 0x6540,
	0x468E, 0x065E,
	0x4698, 0x0001,
	0x46A0, 0x0001,
	0x4774, 0x0000,
	0x48A2, 0x000E,
	0x4BA4, 0x0005,
	0x4BA6, 0x003C,
	0x4BF8, 0x003C,
	0x4DBE, 0x0001,
	0x4E2A, 0x0000,
	0x540A, 0x0000,
	0x5420, 0x0000,
	0x5422, 0x0000,
	0x5424, 0x0000,
	0x5426, 0x0000,
	0x5428, 0x0000,
	0x542A, 0x0000,
	0x542C, 0x0000,
	0x542E, 0x0000,
	0x5430, 0x0000,
	0x5432, 0x0000,
	0x5434, 0x0000,
	0x5436, 0x0000,
	0x5438, 0x0000,
	0x543A, 0x0000,
	0x543C, 0x0000,
	0x543E, 0x0000,
	0x5440, 0xFFFD,
	0x5442, 0x0000,
	0x5444, 0xFFFD,
	0x5446, 0x0000,
	0x5448, 0x0000,
	0x544A, 0x0000,
	0x544C, 0x0000,
	0x544E, 0x0000,
	0x5450, 0xFFFD,
	0x5452, 0x0000,
	0x5454, 0xFFFD,
	0x5456, 0x0000,
	0x5458, 0x0000,
	0x545A, 0x0000,
	0x545C, 0x0000,
	0x545E, 0x0000,
	0x54B8, 0x0000,
	0x54BA, 0x0000,
	0x54BC, 0x0000,
	0x54BE, 0x0000,
	0x54C0, 0x0000,
	0x54C2, 0x0000,
	0x54C4, 0x0000,
	0x54C6, 0x0000,
	0x54E0, 0x0000,
	0x54E2, 0x0000,
	0x54E4, 0x0000,
	0x54E6, 0x0000,
	0x54E8, 0x0000,
	0x54EA, 0x0000,
	0x54EC, 0x0000,
	0x54EE, 0x0000,
	0x5508, 0x0000,
	0x550A, 0x0000,
	0x550C, 0x0000,
	0x550E, 0x0000,
	0x5510, 0x0000,
	0x5512, 0x0000,
	0x5514, 0x0000,
	0x5516, 0x0000,
	0x5530, 0x0000,
	0x5532, 0x0000,
	0x5534, 0x0000,
	0x5536, 0x0000,
	0x5538, 0x0000,
	0x553A, 0x0000,
	0x553C, 0x0000,
	0x553E, 0x0000,
	0x556A, 0x0000,
	0x55CE, 0x0000,
	0x5714, 0x0000,
	0x5718, 0x0000,
	0x571A, 0x0000,
	0x571C, 0x0000,
	0x59E2, 0x0000,
	0x59EA, 0x0001,
	0x5A32, 0x0000,
	0x5AF4, 0x000D,
	0x5AF6, 0x000D,
	0x5D00, 0x0000,
	0x5D30, 0x0002,
	0x5D3E, 0x0028,
	0x5D40, 0x001E,
	0x5D52, 0x0000,
	0x5D54, 0x0000,
	0x5D68, 0x0008,
	0x5D6A, 0x0005,
	0x5EB0, 0x0000,
	0x5EB2, 0x0004,
	0x5EB8, 0x0000,
	0x5EBE, 0xFFFF,
	0x5EC0, 0xFFFF,
	0x5EDA, 0xFFFF,
	0x5EDC, 0xFFFF,
	0x5EE2, 0x0002,
	0x5EE4, 0x0001,
	0x5EE6, 0x0001,
	0x5EEC, 0x0028,
	0x5EEE, 0x001E,
	0x5EF0, 0x0001,
	0x5EF2, 0x0001,
	0x5EF4, 0x0000,
	0x5EF6, 0x0000,
	0x5EF8, 0x0010,
	0x5EFA, 0x0010,
	0x5F22, 0x00C8,
	0x5F24, 0x0A8C,
	0x61E4, 0x0001,
	0x62F0, 0x0BBE,
	0x62FC, 0x0BBA,
	0x6312, 0x0500,
	0x6314, 0x0006,
	0x633A, 0x0000,
	0xA420, 0x0001,
	0xA432, 0x0001,
	0xA434, 0x0200,
	0xA436, 0x03E8,
	0xA438, 0x1800,
	0xA43A, 0x0039,
	0xA43C, 0x0006,
	0xA43E, 0x0080,
	0xA440, 0x0000,
	0xFCFC, 0x4000,
	0x0086, 0x0200,
	0x0710, 0x0001,
	0x080E, 0x0000,
	0x0816, 0x1D00,
	0x0936, 0x0000,
	0x0B06, 0x0101,
	0x0BC0, 0x0040,
	0x0C40, 0x0000,
};

/*full50Mp_15FPS_8192x6144_remosaicON*/
static u16 lycheef4tele_custom3_setting[] = {
//Complete	1	cus3
//241224
//01_WD4_OceanLyChee_KN1_Full_8192x6144_13.19fps_2496Msps
//Mode :	01_WD4_OceanLyChee_KN1_Full
//Purpose :	Evaluation
//PHY	DPHY
//QPDC	QPDC_On
//DBPC	DBPC_On
//Qmosaic	QMSC_On
//Tail :	Off	4096x768
//24	MHz
//776	MHz
//2496	Mbps/lane
//4	lane
//8224	px
//6176	px
//8192	px
//6144	px
//13.19	fps
//Raw10
//9392	px
//1200	px
//6065	line
//121	line
//2.11	ms
//Gr	First
//Address	Data (Hex)	Data (Dec)
	0xFCFC, 0x4000,
	0x0136, 0x1800,
	0x013E, 0x0000,
	0x0304, 0x0002,
	0x0306, 0x0061,
	0x030C, 0x0000,
	0x0302, 0x0001,
	0x0300, 0x0006,
	0x030E, 0x0003,
	0x0310, 0x009C,
	0x0322, 0x0000,
	0x0312, 0x0000,
	0x030A, 0x0001,
	0x0308, 0x0008,
	0x0344, 0x0000,
	0x0348, 0x201F,
	0x0346, 0x0000,
	0x034A, 0x181F,
	0x034C, 0x2000,
	0x034E, 0x1800,
	0x0350, 0x0010,
	0x0352, 0x0010,
	0x0340, 0x1879,
	0x0342, 0x24B0,
	0x0702, 0x0000,
	0x0202, 0x0006,
	0x0900, 0x0011,
	0x0380, 0x0001,
	0x0382, 0x0001,
	0x0384, 0x0001,
	0x0386, 0x0001,
	0x040C, 0x0000,
	0x0400, 0x1010,
	0x0408, 0x1010,
	0x040A, 0x1010,
	0x0110, 0x0002,
	0x0112, 0x0A0A,
	0x0114, 0x0300,
	0x0116, 0x2B00,
	0x0118, 0x0000,
	0x011A, 0x0001,
	0x011C, 0x0100,
	0x0D00, 0x0100,
	0x0D02, 0x0001,
	0x0D04, 0x0102,
	0xFCFC, 0x2400,
	0x1CA2, 0x0040,
	0x1CB2, 0x0000,
	0x1CB8, 0x0001,
	0x1CD4, 0x0000,
	0x1D48, 0x0000,
	0x1DB2, 0x1388,
	0x1DEE, 0x0001,
	0x1E18, 0x0000,
	0x1E7E, 0x0022,
	0x1FE4, 0x0000,
	0x1FEC, 0x0001,
	0x23C4, 0x0001,
	0x23CE, 0x0001,
	0x23D8, 0x0020,
	0x23E2, 0x0200,
	0x2448, 0x05AE,
	0x244A, 0x05AE,
	0x244C, 0xF458,
	0x24D8, 0x0001,
	0x24E2, 0x0001,
	0x24EC, 0x0040,
	0x24EE, 0x0080,
	0x24F0, 0x0100,
	0x24F2, 0x0200,
	0x24F4, 0x0400,
	0x24F6, 0x0900,
	0x2532, 0xF454,
	0x2534, 0x1439,
	0x2536, 0x2B39,
	0x2538, 0x3439,
	0x253A, 0x3439,
	0x253C, 0x3439,
	0x253E, 0x3439,
	0x2544, 0xF5C0,
	0x2546, 0x2020,
	0x2548, 0x2020,
	0x254A, 0x2525,
	0x254C, 0x2525,
	0x254E, 0x2C2C,
	0x2550, 0x2C2C,
	0x2556, 0x9932,
	0x2558, 0x002C,
	0x255A, 0x002C,
	0x255C, 0x002C,
	0x255E, 0x0040,
	0x2560, 0x0048,
	0x2562, 0x0048,
	0x283C, 0x0002,
	0x284C, 0x0000,
	0x2874, 0x000B,
	0x28A8, 0x0008,
	0x28AA, 0x0003,
	0x28AC, 0x0018,
	0x28AE, 0x0024,
	0x28C6, 0x0000,
	0x28F4, 0x0002,
	0x291E, 0x0007,
	0x2932, 0x0000,
	0x2948, 0x0001,
	0x294A, 0x0008,
	0x294C, 0x0008,
	0x2950, 0x0040,
	0x2952, 0x003E,
	0x2954, 0x003E,
	0x2958, 0x0004,
	0x295A, 0x0005,
	0x295C, 0x0005,
	0x2960, 0x0001,
	0x2962, 0x0005,
	0x2964, 0x0005,
	0x2968, 0x0013,
	0x296A, 0x0010,
	0x296C, 0x0010,
	0x2970, 0x0020,
	0x2972, 0x0040,
	0x2974, 0x0040,
	0x2978, 0x0013,
	0x297A, 0x0010,
	0x297C, 0x0010,
	0x2980, 0x0020,
	0x2982, 0x0040,
	0x2984, 0x0040,
	0x2988, 0x0001,
	0x298A, 0x000B,
	0x298C, 0x000B,
	0x2994, 0x0054,
	0x2998, 0x0005,
	0x299A, 0x000F,
	0x299C, 0x000F,
	0x29A0, 0x0026,
	0x29A2, 0x0044,
	0x29A4, 0x0044,
	0x29A8, 0x0009,
	0x29AA, 0x0008,
	0x29AC, 0x0008,
	0x29B0, 0x0032,
	0x29B2, 0x0044,
	0x29B4, 0x0044,
	0x29B8, 0x000A,
	0x29BA, 0x0003,
	0x29BC, 0x0003,
	0x29C0, 0x0001,
	0x29C2, 0x0003,
	0x29C4, 0x0003,
	0x29D8, 0x0014,
	0x29DA, 0x0004,
	0x29DC, 0x0004,
	0x29E0, 0xFFF9,
	0x29E2, 0x0004,
	0x29E4, 0x0004,
	0x29E8, 0x0023,
	0x29EA, 0x0029,
	0x29EC, 0x0029,
	0x29F4, 0x003C,
	0x29F8, 0x0015,
	0x29FA, 0x000B,
	0x29FC, 0x000B,
	0x2A04, 0x0054,
	0x2A10, 0x0014,
	0x2A12, 0x0015,
	0x2A14, 0x0015,
	0x2A18, 0x00B1,
	0x2A1A, 0x009C,
	0x2A1C, 0x009C,
	0x2A20, 0x0002,
	0x2A22, 0x0002,
	0x2A24, 0x0002,
	0x2A28, 0x0002,
	0x2A2A, 0x0002,
	0x2A2C, 0x0002,
	0x2A30, 0x008D,
	0x2A32, 0x0092,
	0x2A34, 0x0092,
	0x2A38, 0x0003,
	0x2A3A, 0x0002,
	0x2A3C, 0x0002,
	0x2A40, 0x0001,
	0x2A42, 0x0002,
	0x2A44, 0x0002,
	0x2A90, 0x0001,
	0x2A92, 0x0008,
	0x2A94, 0x0008,
	0x2A98, 0x004C,
	0x2A9A, 0x0044,
	0x2A9C, 0x0044,
	0x2A9E, 0x0044,
	0x2AA0, 0x000B,
	0x2AA2, 0x0003,
	0x2AA4, 0x0003,
	0x2AA8, 0x000A,
	0x2AAA, 0x0003,
	0x2AAC, 0x0003,
	0x2B38, 0x0001,
	0x2B3A, 0x0009,
	0x2B3C, 0x0009,
	0x2B48, 0x0012,
	0x2B4A, 0x0009,
	0x2B4C, 0x0009,
	0x2BBA, 0x0014,
	0x2BBC, 0x0014,
	0x2BC2, 0x0036,
	0x2BC4, 0x0036,
	0x2D88, 0x0029,
	0x2D8A, 0x003B,
	0x2D8C, 0x003B,
	0x2D90, 0x0002,
	0x2D92, 0x0002,
	0x2D94, 0x0002,
	0x2D98, 0x006E,
	0x2D9A, 0x008E,
	0x2D9C, 0x008E,
	0x2DA2, 0x00AC,
	0x2DA4, 0x00AC,
	0x2DA8, 0x00D5,
	0x2DAA, 0x00EA,
	0x2DAC, 0x00EA,
	0x2DB2, 0x00EA,
	0x2DB4, 0x00EA,
	0x2DB8, 0x001D,
	0x2DBA, 0x0003,
	0x2DBC, 0x0003,
	0x2DC2, 0x0003,
	0x2DCA, 0x0006,
	0x2DD2, 0x0010,
	0x2DDA, 0x0010,
	0x2DF2, 0x0001,
	0x2DF8, 0x0001,
	0x2DFA, 0x0001,
	0x2DFC, 0x0001,
	0x2E02, 0x0001,
	0x2E12, 0x000A,
	0x2E18, 0x0081,
	0x2E1A, 0x00A1,
	0x2E1C, 0x00A1,
	0x2E22, 0x0042,
	0x2E2A, 0x00B1,
	0x2E38, 0x001A,
	0x2E3A, 0x0000,
	0x4050, 0x0476,
	0x4052, 0x07D0,
	0x4054, 0x0708,
	0x4056, 0x03FC,
	0x4076, 0x0000,
	0x40A4, 0x0624,
	0x40A6, 0x0009,
	0x40B4, 0x0000,
	0x40C4, 0x0000,
	0x40D2, 0xFFFF,
	0x40EC, 0xCCCC,
	0x40EE, 0xCCCC,
	0x40F6, 0x1640,
	0x40F8, 0xBF3F,
	0x40FE, 0x011F,
	0x4102, 0x1334,
	0x4118, 0x0820,
	0x4120, 0x0820,
	0x412C, 0x0001,
	0x4136, 0x0002,
	0x413A, 0x0000,
	0x413C, 0x0000,
	0x4174, 0x00F1,
	0x4176, 0x00F1,
	0x4178, 0x00F1,
	0x417A, 0x00F1,
	0x417C, 0x00F1,
	0x417E, 0x0000,
	0x4180, 0x0000,
	0x4182, 0x0000,
	0x4184, 0x0000,
	0x4186, 0x0000,
	0x4188, 0x00F1,
	0x418A, 0x00F1,
	0x418C, 0x00F1,
	0x418E, 0x00F1,
	0x4190, 0x00F1,
	0x4192, 0x0000,
	0x4194, 0x0000,
	0x4196, 0x0000,
	0x4198, 0x0000,
	0x419A, 0x0000,
	0x419C, 0x0000,
	0x419E, 0x0000,
	0x41A0, 0x0000,
	0x41A2, 0x0000,
	0x41A4, 0x0000,
	0x41A6, 0x00F1,
	0x41A8, 0x00F1,
	0x41AA, 0x00F1,
	0x41AC, 0x00F1,
	0x41AE, 0x00F1,
	0x4200, 0x0050,
	0x4202, 0x0050,
	0x4204, 0x0050,
	0x4206, 0x0050,
	0x4208, 0x0050,
	0x420A, 0x0050,
	0x420C, 0x0050,
	0x420E, 0x0050,
	0x4210, 0x0050,
	0x4212, 0x0050,
	0x4278, 0x00F0,
	0x427A, 0x00F0,
	0x427C, 0x00F0,
	0x427E, 0x00F0,
	0x4280, 0x00F0,
	0x4282, 0x00F0,
	0x4284, 0x00F0,
	0x4286, 0x00F0,
	0x4288, 0x00F0,
	0x428A, 0x00F0,
	0x4494, 0x6661,
	0x4496, 0x0276,
	0x4498, 0x0820,
	0x449A, 0x201B,
	0x449C, 0x0000,
	0x44B4, 0x0000,
	0x44EA, 0x0000,
	0x44EC, 0x0001,
	0x4522, 0x0000,
	0x4532, 0xC6C0,
	0x4534, 0x39C2,
	0x4536, 0xC6D0,
	0x4538, 0x39D2,
	0x453A, 0xC9E0,
	0x453C, 0x36E2,
	0x453E, 0xC9F0,
	0x4540, 0x36F2,
	0x4572, 0xC6C0,
	0x4574, 0x39C2,
	0x4576, 0xC6C8,
	0x4578, 0x39CA,
	0x457A, 0xC6D0,
	0x457C, 0x39D2,
	0x457E, 0xC6D8,
	0x4580, 0x39DA,
	0x4582, 0xC9E0,
	0x4584, 0x36E2,
	0x4586, 0xC9E8,
	0x4588, 0x36EA,
	0x458A, 0xC9F0,
	0x458C, 0x36F2,
	0x458E, 0xC9F8,
	0x4590, 0x36FA,
	0x45E8, 0x0000,
	0x45EA, 0x0000,
	0x45EC, 0x00FF,
	0x4606, 0x0000,
	0x4642, 0x0011,
	0x464A, 0x0001,
	0x465C, 0x0004,
	0x465E, 0x0082,
	0x4666, 0x0385,
	0x4668, 0x001E,
	0x466A, 0x001E,
	0x466C, 0x0000,
	0x466E, 0x0056,
	0x4670, 0x002C,
	0x4672, 0x002C,
	0x4674, 0x0000,
	0x4686, 0x0000,
	0x468A, 0x6540,
	0x468E, 0x04C9,
	0x4698, 0x0000,
	0x46A0, 0x0001,
	0x4774, 0x0000,
	0x48A2, 0x000E,
	0x4BA4, 0x0005,
	0x4BA6, 0x003C,
	0x4BF8, 0x003C,
	0x4DBE, 0xFFFF,
	0x4E2A, 0x0000,
	0x540A, 0x0000,
	0x5420, 0xFFFF,
	0x5422, 0xFFFF,
	0x5424, 0xFFFF,
	0x5426, 0xFFFF,
	0x5428, 0xFFFF,
	0x542A, 0xFFFF,
	0x542C, 0xFFFF,
	0x542E, 0xFFFF,
	0x5430, 0xFFFF,
	0x5432, 0xFFFF,
	0x5434, 0xFFFF,
	0x5436, 0xFFFF,
	0x5438, 0xFFFF,
	0x543A, 0xFFFF,
	0x543C, 0xFFFF,
	0x543E, 0xFFFF,
	0x5440, 0x000C,
	0x5442, 0x000C,
	0x5444, 0x000C,
	0x5446, 0x000C,
	0x5448, 0x000C,
	0x544A, 0x000C,
	0x544C, 0x000C,
	0x544E, 0x000C,
	0x5450, 0x000C,
	0x5452, 0x000C,
	0x5454, 0x000C,
	0x5456, 0x000C,
	0x5458, 0x000C,
	0x545A, 0x000C,
	0x545C, 0x000C,
	0x545E, 0x000C,
	0x54B8, 0x0000,
	0x54BA, 0x0000,
	0x54BC, 0x0000,
	0x54BE, 0x0000,
	0x54C0, 0x0000,
	0x54C2, 0x0000,
	0x54C4, 0x0000,
	0x54C6, 0x0000,
	0x54E0, 0x0000,
	0x54E2, 0x0000,
	0x54E4, 0x0000,
	0x54E6, 0x0000,
	0x54E8, 0x0000,
	0x54EA, 0x0000,
	0x54EC, 0x0000,
	0x54EE, 0x0000,
	0x5508, 0x0000,
	0x550A, 0x0000,
	0x550C, 0x0000,
	0x550E, 0x0000,
	0x5510, 0x0000,
	0x5512, 0x0000,
	0x5514, 0x0000,
	0x5516, 0x0000,
	0x5530, 0x0000,
	0x5532, 0x0000,
	0x5534, 0x0000,
	0x5536, 0x0000,
	0x5538, 0x0000,
	0x553A, 0x0000,
	0x553C, 0x0000,
	0x553E, 0x0000,
	0x556A, 0x0000,
	0x55CE, 0x0000,
	0x5714, 0x0001,
	0x5718, 0x0001,
	0x571A, 0x0001,
	0x571C, 0x0001,
	0x59EA, 0x0001,
	0x5A32, 0x0000,
	0x5AF4, 0x000E,
	0x5AF6, 0x000E,
	0x5D00, 0x0000,
	0x5D30, 0x0002,
	0x5D3E, 0x0028,
	0x5D40, 0x001E,
	0x5D52, 0x0000,
	0x5D54, 0x0000,
	0x5D68, 0x0008,
	0x5D6A, 0x0005,
	0x5EB0, 0x0000,
	0x5EB2, 0x0004,
	0x5EB8, 0x0000,
	0x5EBE, 0xFFFF,
	0x5EC0, 0xFFFF,
	0x5EDA, 0xFFFF,
	0x5EDC, 0xFFFF,
	0x5EE2, 0x0002,
	0x5EE4, 0x0001,
	0x5EE6, 0x0001,
	0x5EEC, 0x0028,
	0x5EEE, 0x001E,
	0x5EF0, 0x0001,
	0x5EF2, 0x0001,
	0x5EF4, 0x0000,
	0x5EF6, 0x0000,
	0x5EF8, 0x0010,
	0x5EFA, 0x0010,
	0x5F22, 0x00C8,
	0x5F24, 0x0A8C,
	0x61E4, 0x0001,
	0x62F0, 0x0BBE,
	0x62FC, 0x0BBA,
	0x6312, 0x0500,
	0x6314, 0x0006,
	0x633A, 0x0000,
	0xA420, 0x0001,
	0xA432, 0x0001,
	0xA434, 0x0200,
	0xA436, 0x03E8,
	0xA438, 0x0800,
	0xA43A, 0x0042,
	0xA43C, 0x0006,
	0xA43E, 0x0080,
	0xA440, 0x0008,
	0xFCFC, 0x4000,
	0x0086, 0x0200,
	0x0710, 0x0001,
	0x080E, 0x1200,
	0x0936, 0x0000,
	0x0B06, 0x0101,
	0x0BC0, 0x0040,
	0x0C40, 0x0000,
};

/*4sum4k_30FPS_4096x2048_2expSHDR*/
static u16 lycheef4tele_custom4_setting[] = {
//Complete	6 cus4
//240715	AEB ON
//09_4_OceanFront_KN1_Fdsum_AEB_4096x2048_30fps_3312Msps
//Mode :	09_4_OceanFront_KN1_Fdsum_AEB
//Purpose :	Evaluation
//PHY	DPHY
//QPDC	QPDC_Off
//DBPC	DBPC_Off
//Qmosaic	QMSC_Off
//Tail :	On (L/R only)	4096x2048
//24	MHz
//776	MHz
//2496	Mbps/lane
//4	lane
//8224	px
//4128	px
//4096	px
//2048	px
//30	fps
//Raw10
//4696	px
//600	px
//5508	line
//2460	line
//1.38	ms
//Gr	First
//Address	Data (Hex)	Data (Dec)
	0xFCFC, 0x4000,
	0x0136, 0x1800,
	0x013E, 0x0000,
	0x0304, 0x0002,
	0x0306, 0x0061,
	0x030C, 0x0000,
	0x0302, 0x0001,
	0x0300, 0x0006,
	0x030E, 0x0003,
	0x0310, 0x009C,
	0x0322, 0x0000,
	0x0312, 0x0000,
	0x030A, 0x0001,
	0x0308, 0x0008,
	0x0344, 0x0000,
	0x0348, 0x201F,
	0x0346, 0x0400,
	0x034A, 0x141F,
	0x034C, 0x1000,
	0x034E, 0x0800,
	0x0350, 0x0008,
	0x0352, 0x0008,
	0x0340, 0x10D6,
	0x0342, 0x1770,
	0x0702, 0x0000,
	0x0202, 0x0006,
	0x0900, 0x2222,
	0x0380, 0x0002,
	0x0382, 0x0002,
	0x0384, 0x0002,
	0x0386, 0x0002,
	0x040C, 0x0000,
	0x0400, 0x1010,
	0x0408, 0x1010,
	0x040A, 0x1010,
	0x0110, 0x0002,
	0x0112, 0x0A0A,
	0x0114, 0x0301,
	0x0116, 0x3000,
	0x0118, 0x0000,
	0x011A, 0x0001,
	0x011C, 0x0100,
	0x0D00, 0x0100,
	0x0D02, 0x0101,
	0x0D04, 0x0102,
	0xFCFC, 0x2400,
	0x1CA2, 0x0040,
	0x1CA6, 0x0000,
	0x1CB2, 0x0000,
	0x1CB8, 0x0001,
	0x1CD4, 0x0000,
	0x1D48, 0x0000,
	0x1DB2, 0x1388,
	0x1DEE, 0x0001,
	0x1E18, 0x0001,
	0x1E7E, 0x0022,
	0x1FE4, 0x0000,
	0x1FEC, 0x0001,
	0x23C4, 0x0001,
	0x23CE, 0x0001,
	0x23D8, 0x007F,
	0x23E2, 0x0080,
	0x2448, 0x03FE,
	0x244A, 0x05C2,
	0x244C, 0xF458,
	0x24D8, 0x0001,
	0x24E2, 0x0001,
	0x24EC, 0x0040,
	0x24EE, 0x0080,
	0x24F0, 0x0100,
	0x24F2, 0x0200,
	0x24F4, 0x0400,
	0x24F6, 0x0900,
	0x2532, 0xF454,
	0x2534, 0x1339,
	0x2536, 0x2A39,
	0x2538, 0x1439,
	0x253A, 0x2B39,
	0x253C, 0x3539,
	0x253E, 0x3A39,
	0x2544, 0xF5C0,
	0x2546, 0x1B1B,
	0x2548, 0x1E1E,
	0x254A, 0x2020,
	0x254C, 0x3F3F,
	0x254E, 0x3F3F,
	0x2550, 0x3F3F,
	0x2556, 0x9932,
	0x2558, 0x002A,
	0x255A, 0x002A,
	0x255C, 0x002A,
	0x255E, 0x0038,
	0x2560, 0x0038,
	0x2562, 0x0050,
	0x283C, 0x0002,
	0x284C, 0x0001,
	0x2874, 0x000B,
	0x28A8, 0x0003,
	0x28AA, 0x0001,
	0x28AC, 0x000C,
	0x28AE, 0x000A,
	0x28C6, 0x0001,
	0x28F4, 0x0002,
	0x291E, 0x0007,
	0x2932, 0x0000,
	0x2948, 0x0001,
	0x294A, 0x0008,
	0x294C, 0x0008,
	0x2950, 0x0040,
	0x2952, 0x003E,
	0x2954, 0x003E,
	0x2958, 0x0004,
	0x295A, 0x0005,
	0x295C, 0x0005,
	0x2960, 0x0001,
	0x2962, 0x0005,
	0x2964, 0x0005,
	0x2968, 0x0013,
	0x296A, 0x0010,
	0x296C, 0x0010,
	0x2970, 0x0020,
	0x2972, 0x0040,
	0x2974, 0x0040,
	0x2978, 0x0013,
	0x297A, 0x0010,
	0x297C, 0x0010,
	0x2980, 0x0020,
	0x2982, 0x0040,
	0x2984, 0x0040,
	0x2988, 0x0001,
	0x298A, 0x000B,
	0x298C, 0x000B,
	0x2994, 0x0054,
	0x2998, 0x0005,
	0x299A, 0x000F,
	0x299C, 0x000F,
	0x29A0, 0x0026,
	0x29A2, 0x0044,
	0x29A4, 0x0044,
	0x29A8, 0x0009,
	0x29AA, 0x0008,
	0x29AC, 0x0008,
	0x29B0, 0x0032,
	0x29B2, 0x0044,
	0x29B4, 0x0044,
	0x29B8, 0x000A,
	0x29BA, 0x0003,
	0x29BC, 0x0003,
	0x29C0, 0x0001,
	0x29C2, 0x0003,
	0x29C4, 0x0003,
	0x29D8, 0x0014,
	0x29DA, 0x0004,
	0x29DC, 0x0004,
	0x29E0, 0xFFF9,
	0x29E2, 0x0004,
	0x29E4, 0x0004,
	0x29E8, 0x0023,
	0x29EA, 0x0029,
	0x29EC, 0x0029,
	0x29F4, 0x003C,
	0x29F8, 0x0015,
	0x29FA, 0x000B,
	0x29FC, 0x000B,
	0x2A04, 0x0054,
	0x2A10, 0x0014,
	0x2A12, 0x0015,
	0x2A14, 0x0015,
	0x2A18, 0x00B1,
	0x2A1A, 0x009C,
	0x2A1C, 0x009C,
	0x2A20, 0x0002,
	0x2A22, 0x0002,
	0x2A24, 0x0002,
	0x2A28, 0x0002,
	0x2A2A, 0x0002,
	0x2A2C, 0x0002,
	0x2A30, 0x008D,
	0x2A32, 0x0092,
	0x2A34, 0x0092,
	0x2A38, 0x0003,
	0x2A3A, 0x0002,
	0x2A3C, 0x0002,
	0x2A40, 0x0001,
	0x2A42, 0x0002,
	0x2A44, 0x0002,
	0x2A90, 0x0001,
	0x2A92, 0x0008,
	0x2A94, 0x0008,
	0x2A98, 0x004C,
	0x2A9A, 0x0044,
	0x2A9C, 0x0044,
	0x2A9E, 0x0044,
	0x2AA0, 0x000B,
	0x2AA2, 0x0003,
	0x2AA4, 0x0003,
	0x2AA8, 0x000A,
	0x2AAA, 0x0003,
	0x2AAC, 0x0003,
	0x2B38, 0x0001,
	0x2B3A, 0x0009,
	0x2B3C, 0x0009,
	0x2B48, 0x0012,
	0x2B4A, 0x0009,
	0x2B4C, 0x0009,
	0x2BBA, 0x0014,
	0x2BBC, 0x0014,
	0x2BC2, 0x0036,
	0x2BC4, 0x0036,
	0x2D88, 0x0029,
	0x2D8A, 0x003B,
	0x2D8C, 0x003B,
	0x2D90, 0x000B,
	0x2D92, 0x0002,
	0x2D94, 0x0002,
	0x2D98, 0x006E,
	0x2D9A, 0x008E,
	0x2D9C, 0x008E,
	0x2DA2, 0x00AC,
	0x2DA4, 0x00AC,
	0x2DA8, 0x00D5,
	0x2DAA, 0x00EA,
	0x2DAC, 0x00EA,
	0x2DB2, 0x00EA,
	0x2DB4, 0x00EA,
	0x2DB8, 0x001D,
	0x2DBA, 0x0003,
	0x2DBC, 0x0003,
	0x2DC2, 0x0003,
	0x2DCA, 0x0006,
	0x2DD2, 0x0010,
	0x2DDA, 0x0010,
	0x2DF2, 0x0001,
	0x2DF8, 0x0001,
	0x2DFA, 0x0001,
	0x2DFC, 0x0001,
	0x2E02, 0x0001,
	0x2E12, 0x000A,
	0x2E18, 0x0081,
	0x2E1A, 0x00A1,
	0x2E1C, 0x00A1,
	0x2E22, 0x0042,
	0x2E2A, 0x00B1,
	0x2E38, 0x001A,
	0x2E3A, 0x0000,
	0x4050, 0x0496,
	0x4052, 0x07D0,
	0x4054, 0x0708,
	0x4056, 0x03FC,
	0x4076, 0x0000,
	0x40A4, 0x0624,
	0x40A6, 0x0009,
	0x40B4, 0x0000,
	0x40C4, 0x0000,
	0x40D2, 0xFFFF,
	0x40EC, 0xCCCC,
	0x40EE, 0xCCCC,
	0x40F6, 0x1640,
	0x40F8, 0xBF3F,
	0x40FE, 0x011F,
	0x4102, 0x1334,
	0x4118, 0x0820,
	0x4120, 0x0820,
	0x412C, 0x0001,
	0x4136, 0x0002,
	0x413A, 0x0000,
	0x413C, 0x0000,
	0x4174, 0x0051,
	0x4176, 0x0051,
	0x4178, 0x0051,
	0x417A, 0x0051,
	0x417C, 0x0051,
	0x417E, 0x0000,
	0x4180, 0x0000,
	0x4182, 0x0000,
	0x4184, 0x0000,
	0x4186, 0x0000,
	0x4188, 0x0051,
	0x418A, 0x0051,
	0x418C, 0x0051,
	0x418E, 0x0051,
	0x4190, 0x0051,
	0x4192, 0x0000,
	0x4194, 0x0000,
	0x4196, 0x0000,
	0x4198, 0x0000,
	0x419A, 0x0000,
	0x419C, 0x0000,
	0x419E, 0x0000,
	0x41A0, 0x0000,
	0x41A2, 0x0000,
	0x41A4, 0x0000,
	0x41A6, 0x0051,
	0x41A8, 0x0051,
	0x41AA, 0x0051,
	0x41AC, 0x0051,
	0x41AE, 0x0051,
	0x4200, 0x0050,
	0x4202, 0x0050,
	0x4204, 0x0050,
	0x4206, 0x0050,
	0x4208, 0x0050,
	0x420A, 0x0050,
	0x420C, 0x0050,
	0x420E, 0x0050,
	0x4210, 0x0050,
	0x4212, 0x0050,
	0x4278, 0x00F0,
	0x427A, 0x00F0,
	0x427C, 0x00F0,
	0x427E, 0x00F0,
	0x4280, 0x00F0,
	0x4282, 0x00F0,
	0x4284, 0x00F0,
	0x4286, 0x00F0,
	0x4288, 0x00F0,
	0x428A, 0x00F0,
	0x4494, 0x6661,
	0x4496, 0x0276,
	0x4498, 0x0820,
	0x449A, 0x201B,
	0x449C, 0x0000,
	0x44B4, 0x0000,
	0x44EA, 0x0000,
	0x44EC, 0x0001,
	0x4522, 0x0000,
	0x4532, 0xC6C0,
	0x4534, 0x39C2,
	0x4536, 0xC6D0,
	0x4538, 0x39D2,
	0x453A, 0xC9E0,
	0x453C, 0x36E2,
	0x453E, 0xC9F0,
	0x4540, 0x36F2,
	0x4572, 0xC6C0,
	0x4574, 0x39C2,
	0x4576, 0xC6C8,
	0x4578, 0x39CA,
	0x457A, 0xC6D0,
	0x457C, 0x39D2,
	0x457E, 0xC6D8,
	0x4580, 0x39DA,
	0x4582, 0xC9E0,
	0x4584, 0x36E2,
	0x4586, 0xC9E8,
	0x4588, 0x36EA,
	0x458A, 0xC9F0,
	0x458C, 0x36F2,
	0x458E, 0xC9F8,
	0x4590, 0x36FA,
	0x45E8, 0x0000,
	0x45EA, 0x0000,
	0x45EC, 0x00FF,
	0x4606, 0x0000,
	0x4642, 0x0022,
	0x464A, 0x0000,
	0x465C, 0x0004,
	0x465E, 0x0000,
	0x4666, 0x00C3,
	0x4668, 0x001E,
	0x466A, 0x001E,
	0x466C, 0x0000,
	0x466E, 0x0055,
	0x4670, 0x002C,
	0x4672, 0x002C,
	0x4674, 0x0000,
	0x4686, 0x0000,
	0x468A, 0x6540,
	0x468E, 0x087F,
	0x4698, 0x0025,
	0x46A0, 0x0001,
	0x4774, 0x0000,
	0x48A2, 0x000E,
	0x4BA4, 0x0000,
	0x4BA6, 0x0100,
	0x4BF8, 0x003C,
	0x4DBE, 0x0001,
	0x4E2A, 0x0000,
	0x540A, 0x0001,
	0x5420, 0x0000,
	0x5422, 0x0000,
	0x5424, 0x0000,
	0x5426, 0x0000,
	0x5428, 0x0000,
	0x542A, 0x0000,
	0x542C, 0x0000,
	0x542E, 0x0000,
	0x5430, 0x0000,
	0x5432, 0x0000,
	0x5434, 0x0000,
	0x5436, 0x0000,
	0x5438, 0x0000,
	0x543A, 0x0000,
	0x543C, 0x0000,
	0x543E, 0x0000,
	0x5440, 0x0004,
	0x5442, 0x0000,
	0x5444, 0x0004,
	0x5446, 0x0000,
	0x5448, 0x0000,
	0x544A, 0x0000,
	0x544C, 0x0000,
	0x544E, 0x0000,
	0x5450, 0x0003,
	0x5452, 0x0000,
	0x5454, 0x0004,
	0x5456, 0x0000,
	0x5458, 0x0000,
	0x545A, 0x0000,
	0x545C, 0x0000,
	0x545E, 0x0000,
	0x54B8, 0x0180,
	0x54BA, 0x0400,
	0x54BC, 0x0FF3,
	0x54BE, 0x0FF3,
	0x54C0, 0x0402,
	0x54C2, 0x4000,
	0x54C4, 0x0FD7,
	0x54C6, 0x0FD7,
	0x54E0, 0x0180,
	0x54E2, 0x0400,
	0x54E4, 0x0FEB,
	0x54E6, 0x0FEB,
	0x54E8, 0x0402,
	0x54EA, 0x4000,
	0x54EC, 0x0FD0,
	0x54EE, 0x0FD0,
	0x5508, 0x0180,
	0x550A, 0x0400,
	0x550C, 0x0FEB,
	0x550E, 0x0FEB,
	0x5510, 0x0402,
	0x5512, 0x4000,
	0x5514, 0x0FD0,
	0x5516, 0x0FD0,
	0x5530, 0x0180,
	0x5532, 0x0400,
	0x5534, 0x0FF3,
	0x5536, 0x0FF3,
	0x5538, 0x0402,
	0x553A, 0x4000,
	0x553C, 0x0FD7,
	0x553E, 0x0FD7,
	0x556A, 0x0001,
	0x55CE, 0x0002,
	0x5714, 0x0000,
	0x5718, 0x0000,
	0x571A, 0x0000,
	0x571C, 0x0000,
	0x59EA, 0x0001,
	0x5A32, 0x0000,
	0x5AF4, 0x000D,
	0x5AF6, 0x000D,
	0x5D00, 0x0000,
	0x5D30, 0x0002,
	0x5D3E, 0x0028,
	0x5D40, 0x001E,
	0x5D52, 0x0000,
	0x5D54, 0x0000,
	0x5D68, 0x0008,
	0x5D6A, 0x0005,
	0x5EB0, 0x0000,
	0x5EB2, 0x0004,
	0x5EB8, 0x0000,
	0x5EBE, 0xFFFF,
	0x5EC0, 0xFFFF,
	0x5EDA, 0xFFFF,
	0x5EDC, 0xFFFF,
	0x5EE2, 0x0002,
	0x5EE4, 0x0001,
	0x5EE6, 0x0001,
	0x5EEC, 0x0028,
	0x5EEE, 0x001E,
	0x5EF0, 0x0001,
	0x5EF2, 0x0001,
	0x5EF4, 0x0000,
	0x5EF6, 0x0000,
	0x5EF8, 0x0010,
	0x5EFA, 0x0010,
	0x5F22, 0x00C8,
	0x5F24, 0x0A8C,
	0x61E4, 0x0001,
	0x62F0, 0x0BBE,
	0x62FC, 0x0BBA,
	0x6312, 0x0500,
	0x6314, 0x0006,
	0x633A, 0x0000,
	0xA420, 0x0001,
	0xA432, 0x0001,
	0xA434, 0x0800,
	0xA436, 0x03E8,
	0xA438, 0x1C00,
	0xA43A, 0x0042,
	0xA43C, 0x0006,
	0xA43E, 0x0080,
	0xA440, 0x0000,
	0xFCFC, 0x4000,
	0x0086, 0x0800,
	0x0710, 0x0001,
	0x080E, 0x0000,
	0x0936, 0x0000,
	0x0B06, 0x0101,
	0x0BC0, 0x0040,
	0x0C40, 0x0000,
};

static u16 lycheef4tele_custom5_setting[] = {
//07_Lychee_F4_02_1_KN1_4FD_30FPS_4096x2560
//30FP
//DPHY
//pdaf On
//1024x320
//VC: 01	DT: 30
//VC: 00	DT: 0A
//24.00 	MHz
//776 	MHz
//2496 	Mbps
//8224 	px
//5152 	px
//4096 	px
//2560 	px
//30.00 	fps
//Raw10
//8888 	px
//4792 	px
//2910 	line
//350 	line
//33.3 	ms
//4.01	ms
//4 	lane
//GB	First
0xFCFC, 0x4000,
0x0136, 0x1800,
0x013E, 0x0000,
0x0304, 0x0002,
0x0306, 0x0061,
0x030C, 0x0000,
0x0302, 0x0001,
0x0300, 0x0006,
0x030E, 0x0003,
0x0310, 0x009C,
0x0322, 0x0000,
0x0312, 0x0000,
0x030A, 0x0001,
0x0308, 0x0008,
0x0344, 0x0000,
0x0348, 0x201F,
0x0346, 0x0200,
0x034A, 0x161F,
0x034C, 0x1000,
0x034E, 0x0A00,
0x0350, 0x0008,
0x0352, 0x0008,
0x0340, 0x10D6,
0x0342, 0x1770,
0x0702, 0x0000,
0x0202, 0x0006,
0x0900, 0x2222,
0x0380, 0x0002,
0x0382, 0x0002,
0x0384, 0x0002,
0x0386, 0x0002,
0x040C, 0x0000,
0x0400, 0x1010,
0x0408, 0x1010,
0x040A, 0x1010,
0x0110, 0x0002,
0x0112, 0x0A0A,
0x0114, 0x0301,
0x0116, 0x3000,
0x0118, 0x0000,
0x011A, 0x0001,
0x011C, 0x0100,
0x0D00, 0x0100,
0x0D02, 0x0101,
0x0D04, 0x0102,
0xFCFC, 0x2400,
0x1CA2, 0x0040,
0x1CA6, 0x0001,
0x1CB2, 0x0000,
0x1CB8, 0x0001,
0x1CD4, 0x0000,
0x1D48, 0x0000,
0x1DB2, 0x1388,
0x1DEE, 0x0001,
0x1E18, 0x0001,
0x1E7E, 0x0022,
0x1FE4, 0x0000,
0x1FEC, 0x0001,
0x23C4, 0x0001,
0x23CE, 0x0001,
0x23D8, 0x007F,
0x23E2, 0x0080,
0x2448, 0x056E,
0x244A, 0x03D6,
0x244C, 0xF458,
0x24D8, 0x0001,
0x24E2, 0x0001,
0x24EC, 0x0040,
0x24EE, 0x0080,
0x24F0, 0x0100,
0x24F2, 0x0200,
0x24F4, 0x0400,
0x24F6, 0x0900,
0x2532, 0xF454,
0x2534, 0x1239,
0x2536, 0x2939,
0x2538, 0x1339,
0x253A, 0x2B39,
0x253C, 0x3339,
0x253E, 0x3839,
0x2544, 0xF5C0,
0x2546, 0x1B1B,
0x2548, 0x1E1E,
0x254A, 0x2020,
0x254C, 0x3F3F,
0x254E, 0x3F3F,
0x2550, 0x3F3F,
0x2556, 0x9932,
0x2558, 0x002A,
0x255A, 0x002A,
0x255C, 0x002A,
0x255E, 0x0038,
0x2560, 0x0038,
0x2562, 0x0050,
0x283C, 0x0002,
0x284C, 0x0001,
0x2874, 0x000B,
0x28A8, 0x0003,
0x28AA, 0x0001,
0x28AC, 0x000C,
0x28AE, 0x000A,
0x28C6, 0x0001,
0x28F4, 0x0002,
0x291E, 0x0007,
0x2932, 0x0000,
0x2948, 0x0001,
0x294A, 0x0008,
0x294C, 0x0008,
0x2950, 0x0040,
0x2952, 0x003E,
0x2954, 0x003E,
0x2958, 0x0004,
0x295A, 0x0005,
0x295C, 0x0005,
0x2960, 0x0001,
0x2962, 0x0005,
0x2964, 0x0005,
0x2968, 0x0013,
0x296A, 0x0010,
0x296C, 0x0010,
0x2970, 0x0020,
0x2972, 0x0040,
0x2974, 0x0040,
0x2978, 0x0013,
0x297A, 0x0010,
0x297C, 0x0010,
0x2980, 0x0020,
0x2982, 0x0040,
0x2984, 0x0040,
0x2988, 0x0001,
0x298A, 0x000B,
0x298C, 0x000B,
0x2994, 0x0054,
0x2998, 0x0005,
0x299A, 0x000F,
0x299C, 0x000F,
0x29A0, 0x0026,
0x29A2, 0x0044,
0x29A4, 0x0044,
0x29A8, 0x0009,
0x29AA, 0x0008,
0x29AC, 0x0008,
0x29B0, 0x0032,
0x29B2, 0x0044,
0x29B4, 0x0044,
0x29B8, 0x000A,
0x29BA, 0x0003,
0x29BC, 0x0003,
0x29C0, 0x0001,
0x29C2, 0x0003,
0x29C4, 0x0003,
0x29D8, 0x0014,
0x29DA, 0x0004,
0x29DC, 0x0004,
0x29E0, 0xFFF9,
0x29E2, 0x0004,
0x29E4, 0x0004,
0x29E8, 0x0023,
0x29EA, 0x0029,
0x29EC, 0x0029,
0x29F4, 0x003C,
0x29F8, 0x0015,
0x29FA, 0x000B,
0x29FC, 0x000B,
0x2A04, 0x0054,
0x2A10, 0x0014,
0x2A12, 0x0015,
0x2A14, 0x0015,
0x2A18, 0x00B1,
0x2A1A, 0x009C,
0x2A1C, 0x009C,
0x2A20, 0x0002,
0x2A22, 0x0002,
0x2A24, 0x0002,
0x2A28, 0x0002,
0x2A2A, 0x0002,
0x2A2C, 0x0002,
0x2A30, 0x008D,
0x2A32, 0x0092,
0x2A34, 0x0092,
0x2A38, 0x0003,
0x2A3A, 0x0002,
0x2A3C, 0x0002,
0x2A40, 0x0001,
0x2A42, 0x0002,
0x2A44, 0x0002,
0x2A90, 0x0001,
0x2A92, 0x0008,
0x2A94, 0x0008,
0x2A98, 0x004C,
0x2A9A, 0x0044,
0x2A9C, 0x0044,
0x2A9E, 0x0044,
0x2AA0, 0x000B,
0x2AA2, 0x0003,
0x2AA4, 0x0003,
0x2AA8, 0x000A,
0x2AAA, 0x0003,
0x2AAC, 0x0003,
0x2B38, 0x0001,
0x2B3A, 0x0009,
0x2B3C, 0x0009,
0x2B48, 0x0012,
0x2B4A, 0x0009,
0x2B4C, 0x0009,
0x2BBA, 0x0014,
0x2BBC, 0x0014,
0x2BC2, 0x0036,
0x2BC4, 0x0036,
0x2D88, 0x0029,
0x2D8A, 0x003B,
0x2D8C, 0x003B,
0x2D90, 0x000B,
0x2D92, 0x0002,
0x2D94, 0x0002,
0x2D98, 0x006E,
0x2D9A, 0x008E,
0x2D9C, 0x008E,
0x2DA2, 0x00AC,
0x2DA4, 0x00AC,
0x2DA8, 0x00D5,
0x2DAA, 0x00EA,
0x2DAC, 0x00EA,
0x2DB2, 0x00EA,
0x2DB4, 0x00EA,
0x2DB8, 0x001D,
0x2DBA, 0x0003,
0x2DBC, 0x0003,
0x2DC2, 0x0003,
0x2DCA, 0x0006,
0x2DD2, 0x0010,
0x2DDA, 0x0010,
0x2DF2, 0x0001,
0x2DF8, 0x0001,
0x2DFA, 0x0001,
0x2DFC, 0x0001,
0x2E02, 0x0001,
0x2E12, 0x000A,
0x2E18, 0x0081,
0x2E1A, 0x00A1,
0x2E1C, 0x00A1,
0x2E22, 0x0042,
0x2E2A, 0x00B1,
0x2E38, 0x001A,
0x2E3A, 0x0000,
0x4050, 0x0496,
0x4052, 0x07D0,
0x4054, 0x0708,
0x4056, 0x03FC,
0x4076, 0x0000,
0x40A4, 0x0624,
0x40A6, 0x0009,
0x40B4, 0x0000,
0x40C4, 0x0000,
0x40D2, 0xFFFF,
0x40EC, 0xCCCC,
0x40EE, 0xCCCC,
0x40F6, 0x1640,
0x40F8, 0xBF3F,
0x40FE, 0x011F,
0x4102, 0x1334,
0x4118, 0x0820,
0x4120, 0x0820,
0x412C, 0x0001,
0x4136, 0x0002,
0x413A, 0x0000,
0x413C, 0x0000,
0x4174, 0x0051,
0x4176, 0x0051,
0x4178, 0x0051,
0x417A, 0x0051,
0x417C, 0x0051,
0x417E, 0x0000,
0x4180, 0x0000,
0x4182, 0x0000,
0x4184, 0x0000,
0x4186, 0x0000,
0x4188, 0x0051,
0x418A, 0x0051,
0x418C, 0x0051,
0x418E, 0x0051,
0x4190, 0x0051,
0x4192, 0x0000,
0x4194, 0x0000,
0x4196, 0x0000,
0x4198, 0x0000,
0x419A, 0x0000,
0x419C, 0x0000,
0x419E, 0x0000,
0x41A0, 0x0000,
0x41A2, 0x0000,
0x41A4, 0x0000,
0x41A6, 0x0051,
0x41A8, 0x0051,
0x41AA, 0x0051,
0x41AC, 0x0051,
0x41AE, 0x0051,
0x4200, 0x0050,
0x4202, 0x0050,
0x4204, 0x0050,
0x4206, 0x0050,
0x4208, 0x0050,
0x420A, 0x0050,
0x420C, 0x0050,
0x420E, 0x0050,
0x4210, 0x0050,
0x4212, 0x0050,
0x4278, 0x00F0,
0x427A, 0x00F0,
0x427C, 0x00F0,
0x427E, 0x00F0,
0x4280, 0x00F0,
0x4282, 0x00F0,
0x4284, 0x00F0,
0x4286, 0x00F0,
0x4288, 0x00F0,
0x428A, 0x00F0,
0x4494, 0x6661,
0x4496, 0x0276,
0x4498, 0x0820,
0x449A, 0x201B,
0x449C, 0x0000,
0x44B4, 0x0000,
0x44EA, 0x0000,
0x44EC, 0x0001,
0x4522, 0x0000,
0x4532, 0xC6C0,
0x4534, 0x39C2,
0x4536, 0xC6D0,
0x4538, 0x39D2,
0x453A, 0xC9E0,
0x453C, 0x36E2,
0x453E, 0xC9F0,
0x4540, 0x36F2,
0x4572, 0xC6C0,
0x4574, 0x39C2,
0x4576, 0xC6C8,
0x4578, 0x39CA,
0x457A, 0xC6D0,
0x457C, 0x39D2,
0x457E, 0xC6D8,
0x4580, 0x39DA,
0x4582, 0xC9E0,
0x4584, 0x36E2,
0x4586, 0xC9E8,
0x4588, 0x36EA,
0x458A, 0xC9F0,
0x458C, 0x36F2,
0x458E, 0xC9F8,
0x4590, 0x36FA,
0x45E8, 0x0000,
0x45EA, 0x0000,
0x45EC, 0x00FF,
0x4606, 0x0000,
0x4642, 0x0022,
0x464A, 0x0000,
0x465C, 0x0004,
0x465E, 0x0000,
0x4666, 0x00C3,
0x4668, 0x001E,
0x466A, 0x001E,
0x466C, 0x0000,
0x466E, 0x0055,
0x4670, 0x002C,
0x4672, 0x002C,
0x4674, 0x0000,
0x4686, 0x0000,
0x468A, 0x6540,
0x468E, 0x087F,
0x4698, 0x0025,
0x46A0, 0x0001,
0x4774, 0x0000,
0x48A2, 0x000E,
0x4BA4, 0x0000,
0x4BA6, 0x0100,
0x4BF8, 0x003C,
0x4DBE, 0x0001,
0x4E2A, 0x0000,
0x540A, 0x0001,
0x5420, 0x0000,
0x5422, 0x0000,
0x5424, 0x0000,
0x5426, 0x0000,
0x5428, 0x0000,
0x542A, 0x0000,
0x542C, 0x0000,
0x542E, 0x0000,
0x5430, 0x0000,
0x5432, 0x0000,
0x5434, 0x0000,
0x5436, 0x0000,
0x5438, 0x0000,
0x543A, 0x0000,
0x543C, 0x0000,
0x543E, 0x0000,
0x5440, 0x0004,
0x5442, 0x0000,
0x5444, 0x0004,
0x5446, 0x0000,
0x5448, 0x0000,
0x544A, 0x0000,
0x544C, 0x0000,
0x544E, 0x0000,
0x5450, 0x0003,
0x5452, 0x0000,
0x5454, 0x0004,
0x5456, 0x0000,
0x5458, 0x0000,
0x545A, 0x0000,
0x545C, 0x0000,
0x545E, 0x0000,
0x54B8, 0x0180,
0x54BA, 0x0400,
0x54BC, 0x0FF3,
0x54BE, 0x0FF3,
0x54C0, 0x0402,
0x54C2, 0x4000,
0x54C4, 0x0FD7,
0x54C6, 0x0FD7,
0x54E0, 0x0180,
0x54E2, 0x0400,
0x54E4, 0x0FEB,
0x54E6, 0x0FEB,
0x54E8, 0x0402,
0x54EA, 0x4000,
0x54EC, 0x0FD0,
0x54EE, 0x0FD0,
0x5508, 0x0180,
0x550A, 0x0400,
0x550C, 0x0FEB,
0x550E, 0x0FEB,
0x5510, 0x0402,
0x5512, 0x4000,
0x5514, 0x0FD0,
0x5516, 0x0FD0,
0x5530, 0x0180,
0x5532, 0x0400,
0x5534, 0x0FF3,
0x5536, 0x0FF3,
0x5538, 0x0402,
0x553A, 0x4000,
0x553C, 0x0FD7,
0x553E, 0x0FD7,
0x556A, 0x0001,
0x55CE, 0x0002,
0x5714, 0x0000,
0x5718, 0x0000,
0x571A, 0x0000,
0x571C, 0x0000,
0x59EA, 0x0001,
0x5A32, 0x0000,
0x5AF4, 0x000D,
0x5AF6, 0x000D,
0x5D00, 0x0000,
0x5D30, 0x0002,
0x5D3E, 0x0028,
0x5D40, 0x001E,
0x5D52, 0x0000,
0x5D54, 0x0000,
0x5D68, 0x0008,
0x5D6A, 0x0005,
0x5EB0, 0x0000,
0x5EB2, 0x0004,
0x5EB8, 0x0000,
0x5EBE, 0xFFFF,
0x5EC0, 0xFFFF,
0x5EDA, 0xFFFF,
0x5EDC, 0xFFFF,
0x5EE2, 0x0002,
0x5EE4, 0x0001,
0x5EE6, 0x0001,
0x5EEC, 0x0028,
0x5EEE, 0x001E,
0x5EF0, 0x0001,
0x5EF2, 0x0001,
0x5EF4, 0x0000,
0x5EF6, 0x0000,
0x5EF8, 0x0010,
0x5EFA, 0x0010,
0x5F22, 0x00C8,
0x5F24, 0x0A8C,
0x61E4, 0x0001,
0x62F0, 0x0BBE,
0x62FC, 0x0BBA,
0x6312, 0x0500,
0x6314, 0x0006,
0x633A, 0x0000,
0xA420, 0x0001,
0xA432, 0x0001,
0xA434, 0x0800,
0xA436, 0x03E8,
0xA438, 0x1C00,
0xA43A, 0x0042,
0xA43C, 0x0006,
0xA43E, 0x0080,
0xA440, 0x0000,
0xFCFC, 0x4000,
0x0086, 0x0800,
0x0710, 0x0001,
0x080E, 0x0000,
0x0936, 0x0000,
0x0B06, 0x0101,
0x0BC0, 0x0040,
0x0C40, 0x0000,
};

/*4sum12.5Mp_30FPS_4096x3072*/
static u16 lycheef4tele_custom6_setting[] = {
// 05_OceanLyChee_KN1_Fdsum_4096x3072_30fps_2496Msps
// Mode :	05_OceanLyChee_KN1_Fdsum
// Purpose :	Porting
// PHY	DPHY
// QPDC	QPDC_Off
// DBPC	DBPC_Off
// Qmosaic	QMSC_Off
// Tail :	On (L/R only)	4096x768
// 24	MHz
// 776	MHz
// 2304	Mbps/lane
// 4	lane
// 8224	px
// 6176	px
// 4096	px
// 3072	px
// 30.01	fps
// Raw10
// 4696	px
// 600	px
// 5508	line
// 2436	line
// 17.35	ms
// Gr	First
// Address	Data (Hex)	Data (Dec)
	0xFCFC, 0x4000,
	0x0136, 0x1800,
	0x013E, 0x0000,
	0x0304, 0x0002,
	0x0306, 0x0061,
	0x030C, 0x0000,
	0x0302, 0x0001,
	0x0300, 0x0006,
	0x030E, 0x0003,
	0x0310, 0x0090,
	0x0322, 0x0000,
	0x0312, 0x0000,
	0x030A, 0x0001,
	0x0308, 0x0008,
	0x0344, 0x0000,
	0x0348, 0x201F,
	0x0346, 0x0000,
	0x034A, 0x181F,
	0x034C, 0x1000,
	0x034E, 0x0C00,
	0x0350, 0x0008,
	0x0352, 0x0008,
	0x0340, 0x1584,
	0x0342, 0x1258,
	0x0702, 0x0000,
	0x0202, 0x0006,
	0x0900, 0x2222,
	0x0380, 0x0002,
	0x0382, 0x0002,
	0x0384, 0x0002,
	0x0386, 0x0002,
	0x040C, 0x0000,
	0x0400, 0x1010,
	0x0408, 0x1010,
	0x040A, 0x1010,
	0x0110, 0x0002,
	0x0112, 0x0A0A,
	0x0114, 0x0301,
	0x0116, 0x3000,
	0x0118, 0x0000,
	0x011A, 0x0001,
	0x011C, 0x0100,
	0x0D00, 0x0100,
	0x0D02, 0x0101,
	0x0D04, 0x0102,
	0xFCFC, 0x2400,
	0x1CA2, 0x0040,
	0x1CB2, 0x0000,
	0x1CB8, 0x0001,
	0x1CD4, 0x0000,
	0x1D48, 0x0000,
	0x1DB2, 0x1388,
	0x1DEE, 0x0001,
	0x1E18, 0x0001,
	0x1E7E, 0x0022,
	0x1FE4, 0x0000,
	0x1FEC, 0x0001,
	0x23C4, 0x0001,
	0x23CE, 0x0001,
	0x23D8, 0x007F,
	0x23E2, 0x0080,
	0x2448, 0x056E,
	0x244A, 0x03D6,
	0x244C, 0xF458,
	0x24D8, 0x0001,
	0x24E2, 0x0001,
	0x24EC, 0x0040,
	0x24EE, 0x0080,
	0x24F0, 0x0100,
	0x24F2, 0x0200,
	0x24F4, 0x0400,
	0x24F6, 0x0900,
	0x2532, 0xF454,
	0x2534, 0x1239,
	0x2536, 0x2939,
	0x2538, 0x1339,
	0x253A, 0x2B39,
	0x253C, 0x3339,
	0x253E, 0x3839,
	0x2544, 0xF5C0,
	0x2546, 0x1B1B,
	0x2548, 0x1E1E,
	0x254A, 0x2020,
	0x254C, 0x3F3F,
	0x254E, 0x3F3F,
	0x2550, 0x3F3F,
	0x2556, 0x9932,
	0x2558, 0x002A,
	0x255A, 0x002A,
	0x255C, 0x002A,
	0x255E, 0x0038,
	0x2560, 0x0038,
	0x2562, 0x0050,
	0x283C, 0x0002,
	0x284C, 0x0001,
	0x2874, 0x000B,
	0x28A8, 0x0003,
	0x28AA, 0x0001,
	0x28AC, 0x000C,
	0x28AE, 0x000A,
	0x28C6, 0x0001,
	0x28F4, 0x0002,
	0x291E, 0x0007,
	0x2932, 0x0000,
	0x2948, 0x0001,
	0x294A, 0x0008,
	0x294C, 0x0008,
	0x2950, 0x0040,
	0x2952, 0x003E,
	0x2954, 0x003E,
	0x2958, 0x0004,
	0x295A, 0x0005,
	0x295C, 0x0005,
	0x2960, 0x0001,
	0x2962, 0x0005,
	0x2964, 0x0005,
	0x2968, 0x0013,
	0x296A, 0x0010,
	0x296C, 0x0010,
	0x2970, 0x0020,
	0x2972, 0x0040,
	0x2974, 0x0040,
	0x2978, 0x0013,
	0x297A, 0x0010,
	0x297C, 0x0010,
	0x2980, 0x0020,
	0x2982, 0x0040,
	0x2984, 0x0040,
	0x2988, 0x0001,
	0x298A, 0x000B,
	0x298C, 0x000B,
	0x2994, 0x0054,
	0x2998, 0x0005,
	0x299A, 0x000F,
	0x299C, 0x000F,
	0x29A0, 0x0026,
	0x29A2, 0x0044,
	0x29A4, 0x0044,
	0x29A8, 0x0009,
	0x29AA, 0x0008,
	0x29AC, 0x0008,
	0x29B0, 0x0032,
	0x29B2, 0x0044,
	0x29B4, 0x0044,
	0x29B8, 0x000A,
	0x29BA, 0x0003,
	0x29BC, 0x0003,
	0x29C0, 0x0001,
	0x29C2, 0x0003,
	0x29C4, 0x0003,
	0x29D8, 0x0014,
	0x29DA, 0x0004,
	0x29DC, 0x0004,
	0x29E0, 0xFFF9,
	0x29E2, 0x0004,
	0x29E4, 0x0004,
	0x29E8, 0x0023,
	0x29EA, 0x0029,
	0x29EC, 0x0029,
	0x29F4, 0x003C,
	0x29F8, 0x0015,
	0x29FA, 0x000B,
	0x29FC, 0x000B,
	0x2A04, 0x0054,
	0x2A10, 0x0014,
	0x2A12, 0x0015,
	0x2A14, 0x0015,
	0x2A18, 0x00B1,
	0x2A1A, 0x009C,
	0x2A1C, 0x009C,
	0x2A20, 0x0002,
	0x2A22, 0x0002,
	0x2A24, 0x0002,
	0x2A28, 0x0002,
	0x2A2A, 0x0002,
	0x2A2C, 0x0002,
	0x2A30, 0x008D,
	0x2A32, 0x0092,
	0x2A34, 0x0092,
	0x2A38, 0x0003,
	0x2A3A, 0x0002,
	0x2A3C, 0x0002,
	0x2A40, 0x0001,
	0x2A42, 0x0002,
	0x2A44, 0x0002,
	0x2A90, 0x0001,
	0x2A92, 0x0008,
	0x2A94, 0x0008,
	0x2A98, 0x004C,
	0x2A9A, 0x0044,
	0x2A9C, 0x0044,
	0x2A9E, 0x0044,
	0x2AA0, 0x000B,
	0x2AA2, 0x0003,
	0x2AA4, 0x0003,
	0x2AA8, 0x000A,
	0x2AAA, 0x0003,
	0x2AAC, 0x0003,
	0x2B38, 0x0001,
	0x2B3A, 0x0009,
	0x2B3C, 0x0009,
	0x2B48, 0x0012,
	0x2B4A, 0x0009,
	0x2B4C, 0x0009,
	0x2BBA, 0x0014,
	0x2BBC, 0x0014,
	0x2BC2, 0x0036,
	0x2BC4, 0x0036,
	0x2D88, 0x0029,
	0x2D8A, 0x003B,
	0x2D8C, 0x003B,
	0x2D90, 0x000B,
	0x2D92, 0x0002,
	0x2D94, 0x0002,
	0x2D98, 0x006E,
	0x2D9A, 0x008E,
	0x2D9C, 0x008E,
	0x2DA2, 0x00AC,
	0x2DA4, 0x00AC,
	0x2DA8, 0x00D5,
	0x2DAA, 0x00EA,
	0x2DAC, 0x00EA,
	0x2DB2, 0x00EA,
	0x2DB4, 0x00EA,
	0x2DB8, 0x001D,
	0x2DBA, 0x0003,
	0x2DBC, 0x0003,
	0x2DC2, 0x0003,
	0x2DCA, 0x0006,
	0x2DD2, 0x0010,
	0x2DDA, 0x0010,
	0x2DF2, 0x0001,
	0x2DF8, 0x0001,
	0x2DFA, 0x0001,
	0x2DFC, 0x0001,
	0x2E02, 0x0001,
	0x2E12, 0x000A,
	0x2E18, 0x0081,
	0x2E1A, 0x00A1,
	0x2E1C, 0x00A1,
	0x2E22, 0x0042,
	0x2E2A, 0x00B1,
	0x2E38, 0x001A,
	0x2E3A, 0x0000,
	0x4050, 0x0496,
	0x4052, 0x07D0,
	0x4054, 0x0708,
	0x4056, 0x03FC,
	0x4076, 0x0000,
	0x40A4, 0x0624,
	0x40A6, 0x0009,
	0x40B4, 0x0000,
	0x40C4, 0x0000,
	0x40D2, 0xFFFF,
	0x40EC, 0xCCCC,
	0x40EE, 0xCCCC,
	0x40F6, 0x1640,
	0x40F8, 0xBF3F,
	0x40FE, 0x011F,
	0x4102, 0x1334,
	0x4118, 0x0820,
	0x4120, 0x0820,
	0x412C, 0x0001,
	0x4136, 0x0002,
	0x413A, 0x0000,
	0x413C, 0x0000,
	0x4174, 0x0051,
	0x4176, 0x0051,
	0x4178, 0x0051,
	0x417A, 0x0051,
	0x417C, 0x0051,
	0x417E, 0x0000,
	0x4180, 0x0000,
	0x4182, 0x0000,
	0x4184, 0x0000,
	0x4186, 0x0000,
	0x4188, 0x0051,
	0x418A, 0x0051,
	0x418C, 0x0051,
	0x418E, 0x0051,
	0x4190, 0x0051,
	0x4192, 0x0000,
	0x4194, 0x0000,
	0x4196, 0x0000,
	0x4198, 0x0000,
	0x419A, 0x0000,
	0x419C, 0x0000,
	0x419E, 0x0000,
	0x41A0, 0x0000,
	0x41A2, 0x0000,
	0x41A4, 0x0000,
	0x41A6, 0x0051,
	0x41A8, 0x0051,
	0x41AA, 0x0051,
	0x41AC, 0x0051,
	0x41AE, 0x0051,
	0x4200, 0x0050,
	0x4202, 0x0050,
	0x4204, 0x0050,
	0x4206, 0x0050,
	0x4208, 0x0050,
	0x420A, 0x0050,
	0x420C, 0x0050,
	0x420E, 0x0050,
	0x4210, 0x0050,
	0x4212, 0x0050,
	0x4278, 0x00F0,
	0x427A, 0x00F0,
	0x427C, 0x00F0,
	0x427E, 0x00F0,
	0x4280, 0x00F0,
	0x4282, 0x00F0,
	0x4284, 0x00F0,
	0x4286, 0x00F0,
	0x4288, 0x00F0,
	0x428A, 0x00F0,
	0x4494, 0x6661,
	0x4496, 0x0276,
	0x4498, 0x0820,
	0x449A, 0x201B,
	0x449C, 0x0000,
	0x44B4, 0x0000,
	0x44EA, 0x0000,
	0x44EC, 0x0001,
	0x4522, 0x0000,
	0x4532, 0xC6C0,
	0x4534, 0x39C2,
	0x4536, 0xC6D0,
	0x4538, 0x39D2,
	0x453A, 0xC9E0,
	0x453C, 0x36E2,
	0x453E, 0xC9F0,
	0x4540, 0x36F2,
	0x4572, 0xC6C0,
	0x4574, 0x39C2,
	0x4576, 0xC6C8,
	0x4578, 0x39CA,
	0x457A, 0xC6D0,
	0x457C, 0x39D2,
	0x457E, 0xC6D8,
	0x4580, 0x39DA,
	0x4582, 0xC9E0,
	0x4584, 0x36E2,
	0x4586, 0xC9E8,
	0x4588, 0x36EA,
	0x458A, 0xC9F0,
	0x458C, 0x36F2,
	0x458E, 0xC9F8,
	0x4590, 0x36FA,
	0x45E8, 0x0000,
	0x45EA, 0x0000,
	0x45EC, 0x00FF,
	0x4606, 0x0000,
	0x4642, 0x0022,
	0x464A, 0x0000,
	0x465C, 0x0004,
	0x465E, 0x0000,
	0x4666, 0x00C3,
	0x4668, 0x001E,
	0x466A, 0x001E,
	0x466C, 0x0000,
	0x466E, 0x0055,
	0x4670, 0x002C,
	0x4672, 0x002C,
	0x4674, 0x0000,
	0x4686, 0x0000,
	0x468A, 0x6540,
	0x468E, 0x087F,
	0x4698, 0x0025,
	0x46A0, 0x0001,
	0x4774, 0x0000,
	0x48A2, 0x000E,
	0x4BA4, 0x0000,
	0x4BA6, 0x0100,
	0x4BF8, 0x003C,
	0x4DBE, 0x0001,
	0x4E2A, 0x0000,
	0x540A, 0x0001,
	0x5420, 0x0000,
	0x5422, 0x0000,
	0x5424, 0x0000,
	0x5426, 0x0000,
	0x5428, 0x0000,
	0x542A, 0x0000,
	0x542C, 0x0000,
	0x542E, 0x0000,
	0x5430, 0x0000,
	0x5432, 0x0000,
	0x5434, 0x0000,
	0x5436, 0x0000,
	0x5438, 0x0000,
	0x543A, 0x0000,
	0x543C, 0x0000,
	0x543E, 0x0000,
	0x5440, 0x0004,
	0x5442, 0x0000,
	0x5444, 0x0004,
	0x5446, 0x0000,
	0x5448, 0x0000,
	0x544A, 0x0000,
	0x544C, 0x0000,
	0x544E, 0x0000,
	0x5450, 0x0003,
	0x5452, 0x0000,
	0x5454, 0x0004,
	0x5456, 0x0000,
	0x5458, 0x0000,
	0x545A, 0x0000,
	0x545C, 0x0000,
	0x545E, 0x0000,
	0x54B8, 0x0180,
	0x54BA, 0x0400,
	0x54BC, 0x0FF3,
	0x54BE, 0x0FF3,
	0x54C0, 0x0402,
	0x54C2, 0x4000,
	0x54C4, 0x0FD7,
	0x54C6, 0x0FD7,
	0x54E0, 0x0180,
	0x54E2, 0x0400,
	0x54E4, 0x0FEB,
	0x54E6, 0x0FEB,
	0x54E8, 0x0402,
	0x54EA, 0x4000,
	0x54EC, 0x0FD0,
	0x54EE, 0x0FD0,
	0x5508, 0x0180,
	0x550A, 0x0400,
	0x550C, 0x0FEB,
	0x550E, 0x0FEB,
	0x5510, 0x0402,
	0x5512, 0x4000,
	0x5514, 0x0FD0,
	0x5516, 0x0FD0,
	0x5530, 0x0180,
	0x5532, 0x0400,
	0x5534, 0x0FF3,
	0x5536, 0x0FF3,
	0x5538, 0x0402,
	0x553A, 0x4000,
	0x553C, 0x0FD7,
	0x553E, 0x0FD7,
	0x556A, 0x0001,
	0x55CE, 0x0002,
	0x5714, 0x0000,
	0x5718, 0x0000,
	0x571A, 0x0000,
	0x571C, 0x0000,
	0x59EA, 0x0001,
	0x5A32, 0x0000,
	0x5AF4, 0x000D,
	0x5AF6, 0x000D,
	0x5D00, 0x0000,
	0x5D30, 0x0002,
	0x5D3E, 0x0028,
	0x5D40, 0x001E,
	0x5D52, 0x0000,
	0x5D54, 0x0000,
	0x5D68, 0x0008,
	0x5D6A, 0x0005,
	0x5EB0, 0x0000,
	0x5EB2, 0x0004,
	0x5EB8, 0x0000,
	0x5EBE, 0xFFFF,
	0x5EC0, 0xFFFF,
	0x5EDA, 0xFFFF,
	0x5EDC, 0xFFFF,
	0x5EE2, 0x0002,
	0x5EE4, 0x0001,
	0x5EE6, 0x0001,
	0x5EEC, 0x0028,
	0x5EEE, 0x001E,
	0x5EF0, 0x0001,
	0x5EF2, 0x0001,
	0x5EF4, 0x0000,
	0x5EF6, 0x0000,
	0x5EF8, 0x0010,
	0x5EFA, 0x0010,
	0x5F22, 0x00C8,
	0x5F24, 0x0A8C,
	0x61E4, 0x0001,
	0x62F0, 0x0BBE,
	0x62FC, 0x0BBA,
	0x6312, 0x0500,
	0x6314, 0x0006,
	0x633A, 0x0000,
	0xA420, 0x0001,
	0xA432, 0x0001,
	0xA434, 0x0800,
	0xA436, 0x03E8,
	0xA438, 0x1C00,
	0xA43A, 0x0042,
	0xA43C, 0x0006,
	0xA43E, 0x0080,
	0xA440, 0x0000,
	0xFCFC, 0x4000,
	0x0086, 0x0800,
	0x0710, 0x0001,
	0x080E, 0x0000,
	0x0936, 0x0000,
	0x0B06, 0x0101,
	0x0BC0, 0x0040,
	0x0C40, 0x0000,
};

#endif




